"[0.18180805444717407, 0.06361428648233414, 0.29764285683631897]","[0.2880973517894745, 0.12798571586608887, 0.5171428322792053]","[0.09053555876016617, 0.0340714268386364, 0.2955856919288635]","[0.21506047248840332, 0.10978571325540543, 0.36008569598197937]","[0.20851987600326538, 0.12528571486473083, 0.35827142000198364]","[0.19531375169754028, 0.09699999541044235, 0.33662858605384827]","[0.18812671303749084, 0.08002857118844986, 0.3353428542613983]","[0.15240441262722015, 0.06394285708665848, 0.29829999804496765]","[0.15786190330982208, 0.09918571263551712, 0.22125713527202606]","[0.19951647520065308, 0.13198570907115936, 0.303428590297699]","[0.16389109194278717, 0.058071427047252655, 0.3092713952064514]","[0.16184628009796143, 0.10414285212755203, 0.2476428598165512]","[0.17880849540233612, 0.10750000178813934, 0.3035857081413269]","[0.2567204236984253, 0.1370571404695511, 0.4145142734050751]","[0.23759642243385315, 0.09461428225040436, 0.4327285587787628]","[0.15109579265117645, 0.05687142536044121, 0.2652571499347687]","[0.17526696622371674, 0.014833332039415836, 0.30084285140037537]","[0.17359040677547455, 0.04701428487896919, 0.4237000048160553]","[0.23467572033405304, 0.1283142864704132, 0.39065712690353394]","[0.10266343504190445, 0.03725714236497879, 0.22684285044670105]","[0.22276383638381958, 0.08377142250537872, 0.3528571128845215]","[0.20787444710731506, 0.05772856995463371, 0.3813142776489258]","[0.16775406897068024, 0.054571427404880524, 0.3146999776363373]","[0.2673887610435486, 0.13250000774860382, 0.47284284234046936]","[0.30287835001945496, 0.20319999754428864, 0.42974284291267395]"
"[0.06896290183067322, 0.016699999570846558, 0.1274428516626358]","[0.09915412962436676, 0.02078571356832981, 0.22220000624656677]","[0.04054930806159973, 0.0166285689920187, 0.08265714347362518]","[0.1330886334180832, 0.0381428562104702, 0.28852859139442444]","[0.05889565125107765, 0.015214285813272, 0.1387142837047577]","[0.0478312186896801, 0.009042857214808464, 0.17818570137023926]","[0.11864937841892242, 0.0438285730779171, 0.17967142164707184]","[0.10833892971277237, 0.026185715571045876, 0.21398571133613586]","[0.05361490696668625, 0.011114285327494144, 0.13269999623298645]","[0.034537360072135925, 0.005142856854945421, 0.10982856899499893]","[0.06258079409599304, 0.03562856838107109, 0.0909285694360733]","[0.09252142906188965, 0.04697142913937569, 0.1743714064359665]","[0.09244319051504135, 0.04359999671578407, 0.17790000140666962]","[0.12361690402030945, 0.059457141906023026, 0.2206714153289795]","[0.03433281183242798, 0.010528570972383022, 0.12185714393854141]","[0.08167226612567902, 0.05054285749793053, 0.14748571813106537]","[0.04880139231681824, 0.015957143157720566, 0.1500857025384903]","[0.06089961901307106, 0.016671428456902504, 0.16418571770191193]","[0.054266203194856644, 0.020014284178614616, 0.13981428742408752]","[0.05169128254055977, 0.030214283615350723, 0.11954285204410553]","[0.10687711834907532, 0.03378571197390556, 0.27462857961654663]","[0.13551290333271027, 0.03067142888903618, 0.2935999929904938]","[0.06684045493602753, 0.021385714411735535, 0.15274286270141602]","[0.11023728549480438, 0.02329999767243862, 0.2620571255683899]","[0.05844900757074356, 0.018528569489717484, 0.16207143664360046]"
"[0.19644741714000702, 0.09068571031093597, 0.32767143845558167]","[0.24930879473686218, 0.10610000044107437, 0.41915711760520935]","[0.18214331567287445, 0.10835713893175125, 0.27471426129341125]","[0.25669628381729126, 0.12368571013212204, 0.4636428654193878]","[0.23602856695652008, 0.16434285044670105, 0.32184284925460815]","[0.2200334370136261, 0.08499999344348907, 0.4260249733924866]","[0.20510636270046234, 0.11720000207424164, 0.3098714351654053]","[0.23588208854198456, 0.10652857273817062, 0.41237497329711914]","[0.2296634316444397, 0.13352856040000916, 0.3475143015384674]","[0.21806977689266205, 0.10187143087387085, 0.3174428641796112]","[0.18696042895317078, 0.08407142013311386, 0.27158573269844055]","[0.18660686910152435, 0.05332856997847557, 0.2783142924308777]","[0.24318300187587738, 0.14869999885559082, 0.33319997787475586]","[0.24458588659763336, 0.09814285486936569, 0.418828547000885]","[0.21510133147239685, 0.09624285250902176, 0.3463999927043915]","[0.19652584195137024, 0.10395713895559311, 0.30808570981025696]","[0.20705455541610718, 0.044999998062849045, 0.36322498321533203]","[0.21618929505348206, 0.10675714910030365, 0.3053571581840515]","[0.24785283207893372, 0.17272856831550598, 0.34298568964004517]","[0.1575862020254135, 0.047842856496572495, 0.3228714168071747]","[0.24425853788852692, 0.10175713151693344, 0.39149999618530273]","[0.29837167263031006, 0.11869999021291733, 0.46217140555381775]","[0.1602194905281067, 0.02987142838537693, 0.2842285633087158]","[0.28126823902130127, 0.16765713691711426, 0.4854428470134735]","[0.2615916430950165, 0.1827000081539154, 0.39097142219543457]"
"[0.47313469648361206, 0.24124285578727722, 0.6992856860160828]","[0.5017346739768982, 0.2955428659915924, 0.6592571139335632]","[0.4618110954761505, 0.2174571454524994, 0.6701999306678772]","[0.44856688380241394, 0.31929999589920044, 0.637485682964325]","[0.5188043713569641, 0.38431426882743835, 0.6589571237564087]","[0.38483086228370667, 0.20564284920692444, 0.5864999890327454]","[0.6408133506774902, 0.4892856776714325, 0.7542285323143005]","[0.4483283758163452, 0.3134571611881256, 0.633899986743927]","[0.37476855516433716, 0.251628577709198, 0.5835142731666565]","[0.43077388405799866, 0.21547141671180725, 0.6770142912864685]","[0.46790874004364014, 0.23792855441570282, 0.6513285636901855]","[0.637907087802887, 0.2825857102870941, 0.8011999726295471]","[0.4519908130168915, 0.30052855610847473, 0.6154142618179321]","[0.6386387348175049, 0.38658571243286133, 0.7838428616523743]","[0.428358256816864, 0.32821425795555115, 0.6259713768959045]","[0.5131485462188721, 0.29758572578430176, 0.6745857000350952]","[0.38047271966934204, 0.2936428189277649, 0.5309999585151672]","[0.5145108103752136, 0.272857129573822, 0.7404285073280334]","[0.4995271563529968, 0.37052854895591736, 0.6196714043617249]","[0.38264116644859314, 0.13095714151859283, 0.6570428609848022]","[0.43486279249191284, 0.29649999737739563, 0.575657069683075]","[0.5030883550643921, 0.32648569345474243, 0.6406142115592957]","[0.4528256356716156, 0.16297142207622528, 0.723185658454895]","[0.45288360118865967, 0.32347139716148376, 0.590499997138977]","[0.4602345824241638, 0.3188714385032654, 0.5533000230789185]"
"[0.2474980354309082, 0.05882856622338295, 0.4538142681121826]","[0.211989164352417, 0.06514285504817963, 0.4007285535335541]","[0.1096917912364006, 0.0263714287430048, 0.3368428349494934]","[0.25059473514556885, 0.12049999088048935, 0.4137714207172394]","[0.1563093215227127, 0.06967142969369888, 0.2775142788887024]","[0.18132372200489044, 0.07411428540945053, 0.39577144384384155]","[0.25015774369239807, 0.08822856843471527, 0.47017142176628113]","[0.2889222204685211, 0.12549999356269836, 0.42241427302360535]","[0.20480535924434662, 0.1242285743355751, 0.35522857308387756]","[0.16906894743442535, 0.07175713777542114, 0.28841426968574524]","[0.12887422740459442, 0.01818571425974369, 0.29819998145103455]","[0.17470185458660126, 0.058871425688266754, 0.33484286069869995]","[0.18261535465717316, 0.10008571296930313, 0.2890571653842926]","[0.25900253653526306, 0.09828571230173111, 0.4884285628795624]","[0.1597866266965866, 0.05738571286201477, 0.3059000074863434]","[0.16616427898406982, 0.02994285710155964, 0.2822714149951935]","[0.24642686545848846, 0.08388571441173553, 0.40359997749328613]","[0.2702135145664215, 0.0519714280962944, 0.46219998598098755]","[0.17539511620998383, 0.09612856805324554, 0.31287142634391785]","[0.12385883182287216, 0.025028571486473083, 0.2574999928474426]","[0.15526539087295532, 0.0551857128739357, 0.33972856402397156]","[0.2190142720937729, 0.10818570852279663, 0.33482855558395386]","[0.17575393617153168, 0.052299998700618744, 0.41682857275009155]","[0.19195964932441711, 0.07677143067121506, 0.31797143816947937]","[0.2224908471107483, 0.14880000054836273, 0.3326999843120575]"
"[0.28482797741889954, 0.12841428816318512, 0.4577856957912445]","[0.41608595848083496, 0.25111427903175354, 0.6293571591377258]","[0.20533312857151031, 0.04904285445809364, 0.4643142521381378]","[0.33595937490463257, 0.1931142807006836, 0.5655285716056824]","[0.35534965991973877, 0.25045713782310486, 0.4632714092731476]","[0.31851786375045776, 0.11064285039901733, 0.4917142689228058]","[0.4509294927120209, 0.3344428539276123, 0.5581285357475281]","[0.37181955575942993, 0.2458857148885727, 0.5433571338653564]","[0.38459542393684387, 0.26819998025894165, 0.5654857158660889]","[0.39269861578941345, 0.23482857644557953, 0.5261856913566589]","[0.2744618058204651, 0.10698570311069489, 0.44940000772476196]","[0.3545163869857788, 0.19432856142520905, 0.48334285616874695]","[0.39173194766044617, 0.2525571286678314, 0.5566571354866028]","[0.40475985407829285, 0.21570000052452087, 0.5374571084976196]","[0.4984886050224304, 0.36242857575416565, 0.6755285263061523]","[0.30017584562301636, 0.14677143096923828, 0.49385711550712585]","[0.348712682723999, 0.07463333755731583, 0.5212714076042175]","[0.3293968439102173, 0.09075713902711868, 0.4991285502910614]","[0.38361668586730957, 0.20097140967845917, 0.6225428581237793]","[0.20845171809196472, 0.059357140213251114, 0.37705713510513306]","[0.347168892621994, 0.15069998800754547, 0.495199978351593]","[0.4573037028312683, 0.3513714373111725, 0.5933285355567932]","[0.2992061376571655, 0.05187142640352249, 0.5142571330070496]","[0.4596407413482666, 0.28524285554885864, 0.6170857548713684]","[0.3978514075279236, 0.23324285447597504, 0.5195428133010864]"
"[0.46939319372177124, 0.25215715169906616, 0.6387428641319275]","[0.5161353945732117, 0.3831999897956848, 0.6477285623550415]","[0.5150701999664307, 0.19432856142520905, 0.6763428449630737]","[0.45759737491607666, 0.30327144265174866, 0.6232714056968689]","[0.5132937431335449, 0.3678714334964752, 0.6587571501731873]","[0.4974227547645569, 0.3398285508155823, 0.6294999718666077]","[0.5828644037246704, 0.46961426734924316, 0.6762999892234802]","[0.5472021698951721, 0.3822571337223053, 0.6916285157203674]","[0.34425440430641174, 0.24711428582668304, 0.5139999985694885]","[0.575717568397522, 0.3986856937408447, 0.7118714451789856]","[0.572629988193512, 0.2856857180595398, 0.6843714118003845]","[0.6100102663040161, 0.4674428403377533, 0.7102571129798889]","[0.40485477447509766, 0.2320999950170517, 0.5629000067710876]","[0.6112470030784607, 0.5260857343673706, 0.7112714052200317]","[0.5324638485908508, 0.3666999936103821, 0.6587142944335938]","[0.5897907614707947, 0.42388567328453064, 0.7131714224815369]","[0.4708188772201538, 0.35582855343818665, 0.7269999980926514]","[0.5758786797523499, 0.3228142559528351, 0.7626857161521912]","[0.4624612629413605, 0.30397143959999084, 0.5918142199516296]","[0.5085092186927795, 0.2737142741680145, 0.7168428301811218]","[0.47813287377357483, 0.3140714168548584, 0.6485999822616577]","[0.5193213224411011, 0.34204286336898804, 0.6475714445114136]","[0.516811192035675, 0.19631429016590118, 0.7470000386238098]","[0.4649149477481842, 0.3075857162475586, 0.6388428807258606]","[0.44563692808151245, 0.3439857065677643, 0.6079000234603882]"
"[0.38490718603134155, 0.2070571333169937, 0.6532856822013855]","[0.4314452111721039, 0.22792856395244598, 0.6294856667518616]","[0.3670227825641632, 0.15722857415676117, 0.6605285406112671]","[0.3289337158203125, 0.20817141234874725, 0.5086142420768738]","[0.39426955580711365, 0.2583142817020416, 0.5757142305374146]","[0.4463355541229248, 0.26267141103744507, 0.5978285670280457]","[0.3551352620124817, 0.197299987077713, 0.4602142870426178]","[0.45791640877723694, 0.29652857780456543, 0.6416571736335754]","[0.2308642864227295, 0.10267142951488495, 0.3636142909526825]","[0.45918065309524536, 0.34704285860061646, 0.620614230632782]","[0.40329694747924805, 0.26570001244544983, 0.6303285956382751]","[0.3896317183971405, 0.24455714225769043, 0.5287999510765076]","[0.25863587856292725, 0.13409999012947083, 0.3994285762310028]","[0.42273399233818054, 0.21142856776714325, 0.5847428441047668]","[0.3307495415210724, 0.2239714413881302, 0.4731285572052002]","[0.47443339228630066, 0.27294284105300903, 0.6376857161521912]","[0.37337350845336914, 0.25205713510513306, 0.5473142862319946]","[0.40993010997772217, 0.14094285666942596, 0.6365857124328613]","[0.31124886870384216, 0.1711428463459015, 0.43465712666511536]","[0.3611067831516266, 0.19301427900791168, 0.5430428385734558]","[0.3544606864452362, 0.19175712764263153, 0.5271857380867004]","[0.4064704477787018, 0.28857141733169556, 0.5792713761329651]","[0.4238305389881134, 0.15537142753601074, 0.6523428559303284]","[0.3956314027309418, 0.30058571696281433, 0.5414285659790039]","[0.3515118360519409, 0.2296999841928482, 0.503585696220398]"
"[0.5298125147819519, 0.36014285683631897, 0.6891713738441467]","[0.6376098394393921, 0.5233428478240967, 0.7335714101791382]","[0.5902349948883057, 0.4316571354866028, 0.7132285833358765]","[0.5304823517799377, 0.4163999855518341, 0.634071409702301]","[0.540804922580719, 0.3953142762184143, 0.6529142260551453]","[0.6201266646385193, 0.5361571311950684, 0.713614284992218]","[0.5879021286964417, 0.44747141003608704, 0.6807142496109009]","[0.5035762190818787, 0.32341426610946655, 0.6678142547607422]","[0.4193969964981079, 0.23518571257591248, 0.5469285845756531]","[0.5766453146934509, 0.42659997940063477, 0.7223571538925171]","[0.6273009777069092, 0.4407285749912262, 0.7700999975204468]","[0.6516457200050354, 0.5561285614967346, 0.7722428441047668]","[0.4924323260784149, 0.283385694026947, 0.6631428003311157]","[0.639132559299469, 0.4820857048034668, 0.7364000082015991]","[0.6851406097412109, 0.5187714099884033, 0.7888856530189514]","[0.6276111006736755, 0.44905713200569153, 0.7474285364151001]","[0.5663855671882629, 0.4406428635120392, 0.708716630935669]","[0.5592425465583801, 0.3197999894618988, 0.713785707950592]","[0.6258350014686584, 0.38442856073379517, 0.769342839717865]","[0.5794031620025635, 0.2912428677082062, 0.7257142663002014]","[0.5667827129364014, 0.4547285735607147, 0.6950713992118835]","[0.6237179636955261, 0.507271409034729, 0.7320857048034668]","[0.5484233498573303, 0.320757120847702, 0.7220999598503113]","[0.5979048013687134, 0.4263142943382263, 0.7424570918083191]","[0.6601546406745911, 0.4787428677082062, 0.7439999580383301]"
"[0.23707619309425354, 0.1160999983549118, 0.38857144117355347]","[0.24782893061637878, 0.14007142186164856, 0.42007139325141907]","[0.270455002784729, 0.14251427352428436, 0.42877140641212463]","[0.20468200743198395, 0.1071571484208107, 0.3373856842517853]","[0.24418073892593384, 0.0812142863869667, 0.41760000586509705]","[0.3092367649078369, 0.14255714416503906, 0.46433329582214355]","[0.3678704798221588, 0.21522857248783112, 0.5151571035385132]","[0.26268303394317627, 0.10127142816781998, 0.45492857694625854]","[0.31154969334602356, 0.21195712685585022, 0.4878999888896942]","[0.27548378705978394, 0.10445713996887207, 0.4960857033729553]","[0.2695908546447754, 0.1209428459405899, 0.40794286131858826]","[0.27359893918037415, 0.07970000058412552, 0.4762285351753235]","[0.2984394431114197, 0.17709998786449432, 0.42639997601509094]","[0.27556300163269043, 0.09265714138746262, 0.40135714411735535]","[0.2944292426109314, 0.15325713157653809, 0.42725712060928345]","[0.23311805725097656, 0.1511000096797943, 0.36315712332725525]","[0.3124311864376068, 0.13769999146461487, 0.4659857153892517]","[0.2636467516422272, 0.09778571128845215, 0.44441428780555725]","[0.29409071803092957, 0.15627142786979675, 0.39967140555381775]","[0.19918668270111084, 0.05447142943739891, 0.423799991607666]","[0.24449464678764343, 0.15572857856750488, 0.35844284296035767]","[0.2749099135398865, 0.14352856576442719, 0.3921285569667816]","[0.26786914467811584, 0.06965713948011398, 0.4722142815589905]","[0.2384760081768036, 0.10734285414218903, 0.3440571427345276]","[0.27936044335365295, 0.15971426665782928, 0.39972856640815735]"
"[0.2959776818752289, 0.1581428498029709, 0.547428548336029]","[0.3081454932689667, 0.16489998996257782, 0.46448567509651184]","[0.3459863066673279, 0.19591426849365234, 0.5179857015609741]","[0.2537817656993866, 0.13192856311798096, 0.36797142028808594]","[0.3278471827507019, 0.19512857496738434, 0.4454856812953949]","[0.42114150524139404, 0.309157133102417, 0.5488428473472595]","[0.353044718503952, 0.24629999697208405, 0.45975711941719055]","[0.35971659421920776, 0.20252856612205505, 0.5834856629371643]","[0.3688510060310364, 0.24312856793403625, 0.4853428304195404]","[0.4277985990047455, 0.2911857068538666, 0.5641142725944519]","[0.3871091306209564, 0.1995571404695511, 0.5289285778999329]","[0.37430712580680847, 0.1801142692565918, 0.5599571466445923]","[0.33598265051841736, 0.1866714209318161, 0.4918000102043152]","[0.35219085216522217, 0.2272428423166275, 0.5001571774482727]","[0.37460067868232727, 0.2693999707698822, 0.5280285477638245]","[0.36644285917282104, 0.23275712132453918, 0.5565999746322632]","[0.3945584297180176, 0.22919999063014984, 0.5178857445716858]","[0.34886330366134644, 0.1550285667181015, 0.592199981212616]","[0.4428628087043762, 0.2287714183330536, 0.6289571523666382]","[0.42586514353752136, 0.2483571469783783, 0.5769571661949158]","[0.277181476354599, 0.17411427199840546, 0.39212852716445923]","[0.3550204336643219, 0.23761427402496338, 0.4770428538322449]","[0.4300835430622101, 0.2603285610675812, 0.6301999688148499]","[0.38706856966018677, 0.26024284958839417, 0.5796285271644592]","[0.4111610949039459, 0.2587571442127228, 0.5549857020378113]"
"[0.2071276754140854, 0.07724285125732422, 0.38011428713798523]","[0.23841342329978943, 0.13978570699691772, 0.35244283080101013]","[0.1785697489976883, 0.05347142368555069, 0.3930285573005676]","[0.18951180577278137, 0.07987142354249954, 0.27321428060531616]","[0.18905961513519287, 0.11048571765422821, 0.3385142683982849]","[0.1853322684764862, 0.085242860019207, 0.32005712389945984]","[0.20700545608997345, 0.10185714066028595, 0.35422855615615845]","[0.20050767064094543, 0.07419999688863754, 0.3537571132183075]","[0.23934702575206757, 0.12537142634391785, 0.40369996428489685]","[0.1815236210823059, 0.08782856911420822, 0.2797571122646332]","[0.18738801777362823, 0.11232857406139374, 0.2993714213371277]","[0.17445820569992065, 0.1063714250922203, 0.2704285681247711]","[0.2353176772594452, 0.15631428360939026, 0.40042856335639954]","[0.21127258241176605, 0.09188570827245712, 0.33977141976356506]","[0.23372365534305573, 0.15757142007350922, 0.3660857081413269]","[0.24142205715179443, 0.13989999890327454, 0.3975856900215149]","[0.18922004103660583, 0.06341428309679031, 0.3782999813556671]","[0.20801396667957306, 0.05142856761813164, 0.3513142764568329]","[0.2790766954421997, 0.1638428419828415, 0.46887141466140747]","[0.15327142179012299, 0.0860571339726448, 0.24718569219112396]","[0.19686856865882874, 0.07331428676843643, 0.32247141003608704]","[0.22257265448570251, 0.10744285583496094, 0.358599990606308]","[0.15693190693855286, 0.07737142592668533, 0.26094284653663635]","[0.2464262694120407, 0.13415713608264923, 0.3539714217185974]","[0.2666522264480591, 0.17084285616874695, 0.36224284768104553]"
"[0.42011699080467224, 0.2549999952316284, 0.6037285923957825]","[0.35477158427238464, 0.23501427471637726, 0.5185999870300293]","[0.4298497140407562, 0.1468714326620102, 0.6363000273704529]","[0.4150300920009613, 0.27074283361434937, 0.5372571349143982]","[0.2602819800376892, 0.19435712695121765, 0.3848857283592224]","[0.35267871618270874, 0.25105711817741394, 0.4579285979270935]","[0.3505997061729431, 0.22217142581939697, 0.4997571110725403]","[0.429002583026886, 0.27571427822113037, 0.6155714392662048]","[0.3023662269115448, 0.20117142796516418, 0.3595714271068573]","[0.32127171754837036, 0.22909998893737793, 0.4292857348918915]","[0.4366168677806854, 0.2071142941713333, 0.6386713981628418]","[0.3076036870479584, 0.15299999713897705, 0.5327857136726379]","[0.31193944811820984, 0.1889857053756714, 0.49455711245536804]","[0.40345269441604614, 0.2880714237689972, 0.5178714394569397]","[0.3978337049484253, 0.29731425642967224, 0.5873285531997681]","[0.439601868391037, 0.29271429777145386, 0.5787142515182495]","[0.4382200539112091, 0.28772857785224915, 0.6612999439239502]","[0.43262219429016113, 0.216671422123909, 0.589985728263855]","[0.4173419773578644, 0.30068570375442505, 0.5380571484565735]","[0.3311631679534912, 0.1046999916434288, 0.6049857139587402]","[0.4170742332935333, 0.3041571080684662, 0.5221571326255798]","[0.41545218229293823, 0.2712428569793701, 0.531499981880188]","[0.372060090303421, 0.14871427416801453, 0.5220571160316467]","[0.4149583876132965, 0.27964285016059875, 0.5318999886512756]","[0.34187251329421997, 0.2338285744190216, 0.4684285521507263]"
"[0.5707764029502869, 0.3961714208126068, 0.7254856824874878]","[0.5146539807319641, 0.3571000099182129, 0.6769142746925354]","[0.5633800625801086, 0.3433856964111328, 0.7673999667167664]","[0.4880528748035431, 0.3895857036113739, 0.6359714269638062]","[0.5118446946144104, 0.34795713424682617, 0.6220428347587585]","[0.4558912515640259, 0.36644285917282104, 0.5479142665863037]","[0.4922586977481842, 0.36095714569091797, 0.6293143033981323]","[0.4557874798774719, 0.30231428146362305, 0.6969714164733887]","[0.333612322807312, 0.20995713770389557, 0.4510714113712311]","[0.47600987553596497, 0.3508857190608978, 0.5990999937057495]","[0.5569503903388977, 0.4032428562641144, 0.7137427926063538]","[0.49351295828819275, 0.3017428517341614, 0.6652856469154358]","[0.376186728477478, 0.23147141933441162, 0.5197571516036987]","[0.5167997479438782, 0.3930285573005676, 0.6104000210762024]","[0.5046334862709045, 0.2956428527832031, 0.7112285494804382]","[0.5448896884918213, 0.46132853627204895, 0.6741714477539062]","[0.44217756390571594, 0.34441426396369934, 0.5152285695075989]","[0.5697785019874573, 0.34354284405708313, 0.7393428087234497]","[0.5276822447776794, 0.3410428464412689, 0.7151285409927368]","[0.5229701399803162, 0.3318999707698822, 0.6636571288108826]","[0.5405238270759583, 0.40631428360939026, 0.6397714018821716]","[0.47617560625076294, 0.3524142801761627, 0.6079571843147278]","[0.4148041307926178, 0.28517141938209534, 0.5471000075340271]","[0.5049843192100525, 0.39392855763435364, 0.6198428273200989]","[0.5876637101173401, 0.47112855315208435, 0.7115999460220337]"
"[0.3842618763446808, 0.1889857053756714, 0.5769000053405762]","[0.2700635492801666, 0.09848570823669434, 0.5022571682929993]","[0.28384464979171753, 0.046242855489254, 0.5170285701751709]","[0.4384726881980896, 0.289900004863739, 0.5843428373336792]","[0.28691864013671875, 0.15558572113513947, 0.4584428668022156]","[0.38910606503486633, 0.11501427739858627, 0.6428285241127014]","[0.305510014295578, 0.14401428401470184, 0.44257140159606934]","[0.4363178610801697, 0.26337140798568726, 0.5955571532249451]","[0.09981179982423782, 0.03195714205503464, 0.14327143132686615]","[0.3769373595714569, 0.1446142941713333, 0.6437714695930481]","[0.19835947453975677, 0.0592571422457695, 0.41515710949897766]","[0.2958473563194275, 0.08567142486572266, 0.5877142548561096]","[0.07324183732271194, -0.00632857158780098, 0.2126714140176773]","[0.32618579268455505, 0.13332857191562653, 0.5623714327812195]","[0.26213034987449646, 0.08698571473360062, 0.3579999804496765]","[0.22893381118774414, 0.06905714422464371, 0.407399982213974]","[0.4472326338291168, 0.1542285680770874, 0.719428539276123]","[0.37926697731018066, 0.1648285686969757, 0.6238285303115845]","[0.2071392834186554, 0.03717142716050148, 0.39158567786216736]","[0.17351016402244568, 0.03804285451769829, 0.2996428310871124]","[0.2988089621067047, 0.11594285070896149, 0.5218428373336792]","[0.3164525330066681, 0.15858569741249084, 0.46541428565979004]","[0.2842627465724945, 0.07588571310043335, 0.5495714545249939]","[0.29431968927383423, 0.13505713641643524, 0.611042857170105]","[0.2070593386888504, 0.10832857340574265, 0.35334283113479614]"
"[0.430469274520874, 0.26325711607933044, 0.6169285774230957]","[0.36315134167671204, 0.24709999561309814, 0.5248285531997681]","[0.4052542448043823, 0.06742856651544571, 0.7340571284294128]","[0.42992356419563293, 0.3296142518520355, 0.5652999877929688]","[0.33032047748565674, 0.21209999918937683, 0.49852854013442993]","[0.31513330340385437, 0.18459999561309814, 0.424357146024704]","[0.35707688331604004, 0.1785285621881485, 0.48171424865722656]","[0.3489033877849579, 0.15487143397331238, 0.533557116985321]","[0.2655298113822937, 0.14924286305904388, 0.3716999888420105]","[0.3296472430229187, 0.12784285843372345, 0.49315711855888367]","[0.4601655602455139, 0.2767857015132904, 0.6226857304573059]","[0.35198649764060974, 0.22361429035663605, 0.5587857365608215]","[0.2902819514274597, 0.12284285575151443, 0.4916999638080597]","[0.35965362191200256, 0.22939999401569366, 0.5116428732872009]","[0.35749486088752747, 0.22177143394947052, 0.4887714385986328]","[0.5079025030136108, 0.2782571315765381, 0.6762856841087341]","[0.3646745979785919, 0.17354999482631683, 0.4796571135520935]","[0.36847588419914246, 0.1647857129573822, 0.5685714483261108]","[0.34649553894996643, 0.1979285627603531, 0.5068857073783875]","[0.27932265400886536, 0.05221428722143173, 0.47419998049736023]","[0.44386792182922363, 0.30145713686943054, 0.6317856907844543]","[0.36515671014785767, 0.18517141044139862, 0.49861428141593933]","[0.3052797019481659, 0.043299999088048935, 0.5342143177986145]","[0.38182803988456726, 0.19369998574256897, 0.5208714008331299]","[0.3674927353858948, 0.24562856554985046, 0.5039142966270447]"
"[0.420026034116745, 0.25864285230636597, 0.5833999514579773]","[0.40222394466400146, 0.2696285545825958, 0.540485680103302]","[0.391834020614624, 0.06761427968740463, 0.6245142221450806]","[0.4388641119003296, 0.28762856125831604, 0.5959428548812866]","[0.32945528626441956, 0.22954285144805908, 0.4860999882221222]","[0.3270378112792969, 0.1817857027053833, 0.5111714005470276]","[0.38466501235961914, 0.2668285667896271, 0.5046428442001343]","[0.4492899775505066, 0.34058570861816406, 0.5960143208503723]","[0.3381025791168213, 0.12534286081790924, 0.5098714232444763]","[0.36970055103302, 0.20847143232822418, 0.5345428586006165]","[0.4199271500110626, 0.22945713996887207, 0.5890713930130005]","[0.4059460163116455, 0.19674286246299744, 0.5626428723335266]","[0.2961316406726837, 0.10418570786714554, 0.5681999921798706]","[0.42936497926712036, 0.28545713424682617, 0.5739142298698425]","[0.3790629506111145, 0.23239998519420624, 0.5087857246398926]","[0.4596583843231201, 0.24872855842113495, 0.6415428519248962]","[0.38437893986701965, 0.23430000245571136, 0.5239856839179993]","[0.4207656681537628, 0.19444285333156586, 0.5898857116699219]","[0.3580545485019684, 0.1883428394794464, 0.5650428533554077]","[0.3707440495491028, 0.10639999806880951, 0.5696714520454407]","[0.410030335187912, 0.1745142787694931, 0.6283999681472778]","[0.37409061193466187, 0.1712857186794281, 0.5373571515083313]","[0.3502189517021179, 0.1208999902009964, 0.6683428883552551]","[0.4030036926269531, 0.2719428539276123, 0.5359714031219482]","[0.34908124804496765, 0.23151428997516632, 0.47599998116493225]"
"[0.21599850058555603, 0.08994285762310028, 0.38831427693367004]","[0.26900142431259155, 0.10442857444286346, 0.41197139024734497]","[0.1969592422246933, 0.05898571386933327, 0.33707141876220703]","[0.252022922039032, 0.13894285261631012, 0.3505142629146576]","[0.2545602321624756, 0.1006428599357605, 0.3620571494102478]","[0.2315351814031601, 0.05098571628332138, 0.40792855620384216]","[0.3333040177822113, 0.17957141995429993, 0.5173856616020203]","[0.2582833766937256, 0.09719999879598618, 0.4812999665737152]","[0.24377141892910004, 0.18784284591674805, 0.3326142728328705]","[0.23519009351730347, 0.10264285653829575, 0.3709428608417511]","[0.2368721216917038, 0.1331428587436676, 0.34468570351600647]","[0.2667010724544525, 0.16118571162223816, 0.4226714074611664]","[0.13535475730895996, 0.04932856932282448, 0.3248428702354431]","[0.2845536768436432, 0.16128571331501007, 0.4627285599708557]","[0.2578626573085785, 0.1175999864935875, 0.4040856957435608]","[0.29346156120300293, 0.14172856509685516, 0.49691423773765564]","[0.31933102011680603, 0.21487142145633698, 0.5131571292877197]","[0.23449204862117767, 0.04397142678499222, 0.4449428617954254]","[0.1694524884223938, 0.03587142750620842, 0.3463999927043915]","[0.17770196497440338, 0.07450000196695328, 0.28681427240371704]","[0.29552993178367615, 0.060828570276498795, 0.4324999749660492]","[0.29181134700775146, 0.1589999943971634, 0.4253999888896942]","[0.2652845084667206, 0.07085714489221573, 0.47925713658332825]","[0.16810964047908783, 0.05251428484916687, 0.29247140884399414]","[0.20927229523658752, 0.08099999278783798, 0.369299978017807]"
"[0.2296675592660904, 0.07779999822378159, 0.43957141041755676]","[0.2832033336162567, 0.1259142905473709, 0.41854286193847656]","[0.11732278764247894, 0.04161428287625313, 0.3571856915950775]","[0.19398361444473267, 0.06224285811185837, 0.3350714147090912]","[0.1973254531621933, 0.11985713988542557, 0.25619998574256897]","[0.25487327575683594, 0.11549999564886093, 0.3943999707698822]","[0.2811887562274933, 0.11858571320772171, 0.43205714225769043]","[0.188599094748497, 0.09555713832378387, 0.3012142777442932]","[0.19764284789562225, 0.08504284918308258, 0.25288572907447815]","[0.22545933723449707, 0.10759999603033066, 0.4212428629398346]","[0.16604964435100555, 0.0673142820596695, 0.2784285545349121]","[0.18661481142044067, 0.12862856686115265, 0.2611857056617737]","[0.22426223754882812, 0.12408570945262909, 0.3929571509361267]","[0.2897108495235443, 0.14315713942050934, 0.453900009393692]","[0.23389932513237, 0.15727141499519348, 0.36884284019470215]","[0.2530193328857422, 0.10622856765985489, 0.43374282121658325]","[0.20666050910949707, 0.09878571331501007, 0.34152859449386597]","[0.16544046998023987, 0.05721428245306015, 0.3303999900817871]","[0.2688271999359131, 0.1412142813205719, 0.4510857164859772]","[0.15135762095451355, 0.045728567987680435, 0.2599142789840698]","[0.21964134275913239, 0.05941428616642952, 0.38609999418258667]","[0.29326558113098145, 0.13445714116096497, 0.43291428685188293]","[0.1907092183828354, 0.08825714141130447, 0.2987000048160553]","[0.25211676955223083, 0.09459999948740005, 0.4609428346157074]","[0.3145071268081665, 0.17461428046226501, 0.4374428391456604]"
"[0.20124119520187378, 0.07501428574323654, 0.379828542470932]","[0.2601426839828491, 0.12311428040266037, 0.391814261674881]","[0.24105441570281982, 0.13172855973243713, 0.3667142689228058]","[0.2923458516597748, 0.2021714299917221, 0.3936714231967926]","[0.20435591042041779, 0.1087857112288475, 0.2611857056617737]","[0.28166455030441284, 0.18235714733600616, 0.4007571339607239]","[0.18218539655208588, 0.07125713676214218, 0.3103000223636627]","[0.26708874106407166, 0.10928571224212646, 0.37764284014701843]","[0.28503599762916565, 0.14409999549388885, 0.3505285382270813]","[0.2086104452610016, 0.11079999059438705, 0.37039998173713684]","[0.3149915635585785, 0.23988570272922516, 0.3869714140892029]","[0.2838013172149658, 0.21448571979999542, 0.3929428458213806]","[0.23408082127571106, 0.11478570848703384, 0.33297139406204224]","[0.2587624788284302, 0.10138571262359619, 0.3479999899864197]","[0.21063704788684845, 0.09718571603298187, 0.36407142877578735]","[0.2447672188282013, 0.14742855727672577, 0.3302857279777527]","[0.2983153164386749, 0.2036714255809784, 0.37868571281433105]","[0.21382108330726624, 0.04845714196562767, 0.4083142578601837]","[0.24851273000240326, 0.17159999907016754, 0.3296142518520355]","[0.2779792845249176, 0.18881428241729736, 0.37358570098876953]","[0.260801762342453, 0.14710000157356262, 0.4032285511493683]","[0.2273697704076767, 0.07859999686479568, 0.35818570852279663]","[0.31769052147865295, 0.17491428554058075, 0.4585428535938263]","[0.25159257650375366, 0.10324285924434662, 0.3597428500652313]","[0.2669195532798767, 0.19664284586906433, 0.39648571610450745]"
"[0.186126708984375, 0.05582857131958008, 0.31595712900161743]","[0.20889776945114136, 0.07291427999734879, 0.28355714678764343]","[0.0969594195485115, 0.022685712203383446, 0.2777000069618225]","[0.21948197484016418, 0.08728571236133575, 0.3287285268306732]","[0.15670186281204224, 0.06421428173780441, 0.2554857134819031]","[0.19579929113388062, 0.09028571099042892, 0.3133714199066162]","[0.11403524875640869, 0.019185712561011314, 0.19258570671081543]","[0.18803177773952484, 0.12407142668962479, 0.27221426367759705]","[0.16475030779838562, 0.10964285582304001, 0.2045428454875946]","[0.13374917209148407, 0.03739999979734421, 0.22192856669425964]","[0.061092037707567215, 0.02378571406006813, 0.17355714738368988]","[0.08693253248929977, 0.02475714311003685, 0.178485706448555]","[0.2348317801952362, 0.11301428079605103, 0.3393285572528839]","[0.11061301082372665, 0.01055714301764965, 0.271871417760849]","[0.24034126102924347, 0.17622855305671692, 0.3192285895347595]","[0.09296785295009613, 0.024814287200570107, 0.2603714168071747]","[0.18804343044757843, 0.08978333324193954, 0.2571571469306946]","[0.2005283236503601, 0.07572857290506363, 0.3547142446041107]","[0.20932142436504364, 0.12478571385145187, 0.25437143445014954]","[0.03320270776748657, 0.021314283832907677, 0.06988571584224701]","[0.20062819123268127, 0.06499999761581421, 0.318785697221756]","[0.224236860871315, 0.11728571355342865, 0.3335285782814026]","[0.08517129719257355, 0.041271425783634186, 0.20351429283618927]","[0.21237953007221222, 0.12367141991853714, 0.30892854928970337]","[0.23252306878566742, 0.17652857303619385, 0.329314261674881]"
"[0.4229813516139984, 0.1964571326971054, 0.6832428574562073]","[0.5569230318069458, 0.411557137966156, 0.7176570892333984]","[0.43973508477211, 0.2394714206457138, 0.5896857380867004]","[0.4820393919944763, 0.35158571600914, 0.5723142623901367]","[0.19401739537715912, 0.06885714083909988, 0.3223857283592224]","[0.3495948612689972, 0.1786142736673355, 0.5926713943481445]","[0.2766018509864807, 0.12634286284446716, 0.3999857008457184]","[0.38456955552101135, 0.1778571456670761, 0.5691714286804199]","[0.44306814670562744, 0.299357146024704, 0.601099967956543]","[0.2913571298122406, 0.13585713505744934, 0.40611428022384644]","[0.42403465509414673, 0.12385714054107666, 0.598471462726593]","[0.2351137399673462, 0.07410000264644623, 0.45734286308288574]","[0.47906357049942017, 0.22655713558197021, 0.6867570877075195]","[0.4248104691505432, 0.17564284801483154, 0.6297856569290161]","[0.5404341220855713, 0.4138000011444092, 0.7537142634391785]","[0.5676571130752563, 0.36972856521606445, 0.718414306640625]","[0.4467238485813141, 0.25371426343917847, 0.5991142988204956]","[0.47452664375305176, 0.21451427042484283, 0.6784428358078003]","[0.46981149911880493, 0.25844284892082214, 0.5999285578727722]","[0.3034288287162781, 0.1330571472644806, 0.49604281783103943]","[0.608816385269165, 0.41578570008277893, 0.7415714263916016]","[0.4563215672969818, 0.22132857143878937, 0.6526713967323303]","[0.3919067978858948, 0.07571428269147873, 0.6249428391456604]","[0.5518149733543396, 0.3279714286327362, 0.6966714262962341]","[0.4666922986507416, 0.32021427154541016, 0.6069856882095337]"
"[0.274946928024292, 0.15145714581012726, 0.39814284443855286]","[0.2938038110733032, 0.19761428236961365, 0.44121429324150085]","[0.25913935899734497, 0.13925714790821075, 0.4342142939567566]","[0.31103387475013733, 0.2191571295261383, 0.4129999577999115]","[0.2477254718542099, 0.12622857093811035, 0.30414286255836487]","[0.26235973834991455, 0.12430000305175781, 0.4018714129924774]","[0.24947421252727509, 0.10615713894367218, 0.37867143750190735]","[0.24430134892463684, 0.12954285740852356, 0.37705713510513306]","[0.2016422301530838, 0.1347571313381195, 0.25597140192985535]","[0.27650272846221924, 0.18072856962680817, 0.3836571276187897]","[0.2444482445716858, 0.10815714299678802, 0.37198570370674133]","[0.16688862442970276, 0.0892714262008667, 0.3165714144706726]","[0.24496464431285858, 0.11084286123514175, 0.3495999872684479]","[0.2661699652671814, 0.15470001101493835, 0.4003428816795349]","[0.2456066906452179, 0.13279999792575836, 0.3286142647266388]","[0.3217132091522217, 0.17627142369747162, 0.4560714066028595]","[0.23311254382133484, 0.10877998918294907, 0.36637142300605774]","[0.2717127501964569, 0.12394285202026367, 0.482228547334671]","[0.2893913984298706, 0.21574284136295319, 0.3783714175224304]","[0.176839217543602, 0.09210000187158585, 0.2987428307533264]","[0.3728771507740021, 0.21119999885559082, 0.5294713973999023]","[0.2919442355632782, 0.20237143337726593, 0.4244142472743988]","[0.25865551829338074, 0.08424285799264908, 0.4042856991291046]","[0.3036663234233856, 0.14065714180469513, 0.4138000011444092]","[0.27353888750076294, 0.1689142882823944, 0.36064285039901733]"
"[0.4926137924194336, 0.19777143001556396, 0.7134857177734375]","[0.33292675018310547, 0.21955713629722595, 0.48268571496009827]","[0.5258370041847229, 0.3101857006549835, 0.6689857244491577]","[0.3992346525192261, 0.21085713803768158, 0.6291142702102661]","[0.19722986221313477, 0.09009999781847, 0.30709999799728394]","[0.39648717641830444, 0.28044286370277405, 0.5671428442001343]","[0.21550364792346954, 0.10245714336633682, 0.35497140884399414]","[0.4669972360134125, 0.26257142424583435, 0.6592856645584106]","[0.2943577468395233, 0.18288572132587433, 0.40720000863075256]","[0.3699837923049927, 0.18212856352329254, 0.5477856993675232]","[0.3494178056716919, 0.12267142534255981, 0.5665857195854187]","[0.2535044848918915, 0.09971427917480469, 0.49401426315307617]","[0.37957748770713806, 0.2151142805814743, 0.5467714071273804]","[0.2693035304546356, 0.13928571343421936, 0.4700857102870941]","[0.3671782314777374, 0.25541427731513977, 0.4758285880088806]","[0.3966069221496582, 0.14991427958011627, 0.6074000000953674]","[0.39941173791885376, 0.2516999840736389, 0.5672857165336609]","[0.5023078322410583, 0.2954285442829132, 0.6975999474525452]","[0.37010279297828674, 0.24162855744361877, 0.4936571419239044]","[0.36314359307289124, 0.16351428627967834, 0.605199933052063]","[0.4578944444656372, 0.2872285544872284, 0.6916285157203674]","[0.25483131408691406, 0.13729999959468842, 0.3709428310394287]","[0.41883161664009094, 0.11632857471704483, 0.587314248085022]","[0.3503778576850891, 0.2515428364276886, 0.466471403837204]","[0.3883492052555084, 0.2661428451538086, 0.5140857100486755]"
"[0.49955034255981445, 0.28624287247657776, 0.6265285611152649]","[0.48147204518318176, 0.34687140583992004, 0.6051142811775208]","[0.3964312970638275, 0.17949999868869781, 0.5832714438438416]","[0.5313029885292053, 0.418242871761322, 0.6139143109321594]","[0.4247819781303406, 0.3391285538673401, 0.4961857199668884]","[0.48574307560920715, 0.34302854537963867, 0.6064571738243103]","[0.4378963112831116, 0.3288714289665222, 0.5981000065803528]","[0.5031669735908508, 0.3578000068664551, 0.6431571245193481]","[0.29499542713165283, 0.18562856316566467, 0.3863714039325714]","[0.49947500228881836, 0.3512142598628998, 0.5716428756713867]","[0.4392980933189392, 0.29084286093711853, 0.5554856657981873]","[0.43607643246650696, 0.28137141466140747, 0.587399959564209]","[0.33981603384017944, 0.2134857177734375, 0.45645713806152344]","[0.508192777633667, 0.39212852716445923, 0.6319856643676758]","[0.39908748865127563, 0.20280000567436218, 0.5644142627716064]","[0.5147619843482971, 0.3848571479320526, 0.6226285696029663]","[0.4859171211719513, 0.3479999899864197, 0.6144999861717224]","[0.4180421531200409, 0.16991427540779114, 0.6407142281532288]","[0.41855695843696594, 0.2988571524620056, 0.5361856818199158]","[0.3319753408432007, 0.22792856395244598, 0.49719998240470886]","[0.5482964515686035, 0.4260142743587494, 0.6659999489784241]","[0.495360404253006, 0.36905714869499207, 0.6174570918083191]","[0.4423277676105499, 0.29992857575416565, 0.6000142693519592]","[0.4716832637786865, 0.3597428500652313, 0.56788569688797]","[0.46992966532707214, 0.33334285020828247, 0.582014262676239]"
"[0.40030425786972046, 0.17594285309314728, 0.5782285332679749]","[0.4266166090965271, 0.27468571066856384, 0.6368999481201172]","[0.3715697228908539, 0.17594285309314728, 0.5728285908699036]","[0.40113720297813416, 0.29981425404548645, 0.5427571535110474]","[0.23336707055568695, 0.14431428909301758, 0.2883000075817108]","[0.3776170611381531, 0.25049999356269836, 0.566349983215332]","[0.25362643599510193, 0.18354284763336182, 0.38927143812179565]","[0.3599708676338196, 0.23179998993873596, 0.5209142565727234]","[0.2914571464061737, 0.17708571255207062, 0.3920428454875946]","[0.3152599036693573, 0.20728571712970734, 0.4375]","[0.3509737551212311, 0.14867141842842102, 0.4878999888896942]","[0.3024933636188507, 0.116071417927742, 0.47347140312194824]","[0.358381986618042, 0.17262856662273407, 0.5084285736083984]","[0.42898350954055786, 0.2241428643465042, 0.6237570643424988]","[0.36503347754478455, 0.2102428525686264, 0.46209999918937683]","[0.47374388575553894, 0.22871427237987518, 0.5997999906539917]","[0.3830420672893524, 0.08879999816417694, 0.6073399782180786]","[0.40221965312957764, 0.2530857026576996, 0.5914285778999329]","[0.3495734930038452, 0.21974284946918488, 0.4966714084148407]","[0.266166090965271, 0.11988570541143417, 0.4457714259624481]","[0.4483180344104767, 0.29749998450279236, 0.6273428201675415]","[0.482625275850296, 0.35905715823173523, 0.5974428057670593]","[0.32294243574142456, 0.11782856285572052, 0.5230571031570435]","[0.3521764874458313, 0.17761428654193878, 0.5112000107765198]","[0.3559776842594147, 0.2541857063770294, 0.5137571692466736]"
"[0.3386934995651245, 0.12809999287128448, 0.5551428198814392]","[0.37311649322509766, 0.19774284958839417, 0.5238285660743713]","[0.2684262990951538, 0.12561428546905518, 0.4715571403503418]","[0.4220571517944336, 0.30410000681877136, 0.508557140827179]","[0.2506614923477173, 0.12051428109407425, 0.3671285808086395]","[0.3032369911670685, 0.1548856943845749, 0.5206285715103149]","[0.26724907755851746, 0.11272857338190079, 0.43362855911254883]","[0.2971983850002289, 0.16854286193847656, 0.45579999685287476]","[0.22230258584022522, 0.13647142052650452, 0.29654285311698914]","[0.26744258403778076, 0.10571428388357162, 0.41098567843437195]","[0.3158625364303589, 0.22172856330871582, 0.4521856904029846]","[0.23347355425357819, 0.05138571187853813, 0.4828428626060486]","[0.24269455671310425, 0.08451428264379501, 0.43864282965660095]","[0.3891388475894928, 0.2232142835855484, 0.5506285429000854]","[0.2992841601371765, 0.16165713965892792, 0.47542858123779297]","[0.4178096652030945, 0.2660571336746216, 0.5389571189880371]","[0.30348044633865356, 0.2070285826921463, 0.38994285464286804]","[0.2841074764728546, 0.10567142814397812, 0.4716143012046814]","[0.32145851850509644, 0.16861428320407867, 0.4552285373210907]","[0.19907239079475403, 0.09108571708202362, 0.3357999920845032]","[0.42695775628089905, 0.23308570683002472, 0.5566856861114502]","[0.35883501172065735, 0.2134285718202591, 0.4854285418987274]","[0.24738022685050964, 0.06635714322328568, 0.4351571202278137]","[0.31916266679763794, 0.18051426112651825, 0.4598999619483948]","[0.3638632893562317, 0.22692857682704926, 0.4981285631656647]"
"[0.1808273047208786, 0.09437142312526703, 0.32741427421569824]","[0.2236783802509308, 0.09871428459882736, 0.36319997906684875]","[0.1623726338148117, 0.07048571109771729, 0.3951714336872101]","[0.18319076299667358, 0.1128428503870964, 0.2670571208000183]","[0.12646086513996124, 0.08635713905096054, 0.15431427955627441]","[0.1971169263124466, 0.1305571347475052, 0.29590001702308655]","[0.1590878814458847, 0.09179999679327011, 0.20967140793800354]","[0.25820085406303406, 0.14012856781482697, 0.42632856965065]","[0.1181819885969162, 0.040957141667604446, 0.18725714087486267]","[0.13582883775234222, 0.06772857159376144, 0.23037143051624298]","[0.0944901630282402, 0.06355714052915573, 0.174528568983078]","[0.11094284802675247, 0.07341428101062775, 0.1914999783039093]","[0.12574651837348938, 0.04422857239842415, 0.17657141387462616]","[0.20123624801635742, 0.07827142626047134, 0.326200008392334]","[0.14435306191444397, 0.06478571146726608, 0.21452856063842773]","[0.12746870517730713, 0.07434285432100296, 0.2248857021331787]","[0.1795806586742401, 0.10519999265670776, 0.2578428387641907]","[0.256816029548645, 0.12019999325275421, 0.42668572068214417]","[0.15409380197525024, 0.07435714453458786, 0.2231857031583786]","[0.08249777555465698, 0.04781428351998329, 0.15564285218715668]","[0.18381290137767792, 0.10129999369382858, 0.31547144055366516]","[0.2202024608850479, 0.11712856590747833, 0.2994142472743988]","[0.1779981255531311, 0.09047143161296844, 0.3020142912864685]","[0.1673249453306198, 0.08462857455015182, 0.2661285698413849]","[0.17997978627681732, 0.11890000104904175, 0.29244282841682434]"
"[0.35516539216041565, 0.20419999957084656, 0.5828285217285156]","[0.38545653223991394, 0.2012714296579361, 0.6263428330421448]","[0.44748708605766296, 0.1542571485042572, 0.6065285801887512]","[0.34741127490997314, 0.21447142958641052, 0.5362714529037476]","[0.194289430975914, 0.09944285452365875, 0.2865999639034271]","[0.3499091565608978, 0.2223142683506012, 0.4771714210510254]","[0.2100294828414917, 0.13985714316368103, 0.28448572754859924]","[0.3331961929798126, 0.19589999318122864, 0.4628285765647888]","[0.15175527334213257, 0.07457142323255539, 0.2004428654909134]","[0.24443158507347107, 0.11212856322526932, 0.44358569383621216]","[0.36020419001579285, 0.15151429176330566, 0.5618714094161987]","[0.21174469590187073, 0.09884285926818848, 0.3238428235054016]","[0.1667608767747879, 0.08464284986257553, 0.2361714094877243]","[0.3343309164047241, 0.15429998934268951, 0.517799973487854]","[0.26850712299346924, 0.09012856334447861, 0.49707141518592834]","[0.49359434843063354, 0.3203142583370209, 0.6264857053756714]","[0.4375256896018982, 0.2974500060081482, 0.5567713975906372]","[0.4206671416759491, 0.2810285687446594, 0.5831571221351624]","[0.21975627541542053, 0.13457143306732178, 0.32710000872612]","[0.28451865911483765, 0.1298285722732544, 0.5190285444259644]","[0.5060080289840698, 0.39715713262557983, 0.614214301109314]","[0.3660567104816437, 0.2297428548336029, 0.5104571580886841]","[0.3898710012435913, 0.09114285558462143, 0.5808143019676208]","[0.36139267683029175, 0.17081427574157715, 0.5315713882446289]","[0.2637329697608948, 0.16207143664360046, 0.3634714186191559]"
"[0.24594029784202576, 0.10297142714262009, 0.45507141947746277]","[0.389775812625885, 0.21930000185966492, 0.5298999547958374]","[0.3949581980705261, 0.2807571291923523, 0.5582571625709534]","[0.2703918218612671, 0.13728570938110352, 0.4393142759799957]","[0.1906745284795761, 0.12281428277492523, 0.2671857178211212]","[0.25684046745300293, 0.1598571389913559, 0.35825711488723755]","[0.21171367168426514, 0.14108571410179138, 0.29987144470214844]","[0.2762138843536377, 0.12698571383953094, 0.43650001287460327]","[0.3285793960094452, 0.14728569984436035, 0.4690999984741211]","[0.24219833314418793, 0.152457132935524, 0.34284284710884094]","[0.3327646553516388, 0.12365714460611343, 0.47857141494750977]","[0.1789073944091797, 0.06774285435676575, 0.32341426610946655]","[0.43492040038108826, 0.1906285583972931, 0.5911856889724731]","[0.23619620501995087, 0.12152856588363647, 0.3473428189754486]","[0.45871222019195557, 0.2661714255809784, 0.6597856879234314]","[0.33544453978538513, 0.214142844080925, 0.47511428594589233]","[0.32628965377807617, 0.1444999873638153, 0.4284714162349701]","[0.34175413846969604, 0.1508857160806656, 0.5313857197761536]","[0.5066404342651367, 0.22091427445411682, 0.6345428824424744]","[0.25606635212898254, 0.07035713642835617, 0.43227142095565796]","[0.3962186574935913, 0.21051427721977234, 0.5301428437232971]","[0.26907816529273987, 0.12677142024040222, 0.4570713937282562]","[0.3208066523075104, 0.09137142449617386, 0.5400999784469604]","[0.4008449614048004, 0.28934285044670105, 0.5496142506599426]","[0.48278459906578064, 0.41502857208251953, 0.5882857441902161]"
"[0.33341631293296814, 0.17238332331180573, 0.46476665139198303]","[0.37761738896369934, 0.2589166462421417, 0.5024333000183105]","[0.4489431381225586, 0.2562333345413208, 0.5788999795913696]","[0.3649142384529114, 0.2217833250761032, 0.47128331661224365]","[0.18775434792041779, 0.14444999396800995, 0.23389999568462372]","[0.37307408452033997, 0.14309999346733093, 0.5013499855995178]","[0.23726843297481537, 0.1469833254814148, 0.3479166328907013]","[0.36902520060539246, 0.23973333835601807, 0.5167666077613831]","[0.3897854685783386, 0.171833336353302, 0.5596833229064941]","[0.3027971088886261, 0.1772499829530716, 0.4595666825771332]","[0.3983724117279053, 0.2084999829530716, 0.5376166701316833]","[0.3000796139240265, 0.14366666972637177, 0.4614333212375641]","[0.3863253891468048, 0.22081667184829712, 0.5208166241645813]","[0.36492130160331726, 0.2475833296775818, 0.5030666589736938]","[0.43518513441085815, 0.2744666635990143, 0.5154166221618652]","[0.45133331418037415, 0.36986663937568665, 0.5727666616439819]","[0.4364308714866638, 0.31492000818252563, 0.5591333508491516]","[0.3592067360877991, 0.1809166669845581, 0.5084333419799805]","[0.3520452380180359, 0.2127833366394043, 0.5002333521842957]","[0.36439451575279236, 0.2020166665315628, 0.5345500111579895]","[0.42965173721313477, 0.31459999084472656, 0.530466616153717]","[0.37826409935951233, 0.28981664776802063, 0.48283329606056213]","[0.4180559813976288, 0.14061667025089264, 0.5622833371162415]","[0.3990401327610016, 0.22698332369327545, 0.5239333510398865]","[0.33367279171943665, 0.2178666591644287, 0.45171666145324707]"
"[0.21197588741779327, 0.09107142686843872, 0.35182857513427734]","[0.2408202588558197, 0.15037141740322113, 0.3349999785423279]","[0.2237413227558136, 0.11167143285274506, 0.3905999958515167]","[0.20360901951789856, 0.11698571592569351, 0.3203142583370209]","[0.12561677396297455, 0.07894285023212433, 0.180928573012352]","[0.15555191040039062, 0.10414285212755203, 0.26911428570747375]","[0.1435927003622055, 0.08689999580383301, 0.19992856681346893]","[0.18229243159294128, 0.10314285755157471, 0.289728581905365]","[0.22291116416454315, 0.11824285238981247, 0.31847143173217773]","[0.14164477586746216, 0.08871428668498993, 0.2125857025384903]","[0.16008594632148743, 0.028942856937646866, 0.32504287362098694]","[0.1069507896900177, 0.030885713174939156, 0.21308569610118866]","[0.23476189374923706, 0.1395999938249588, 0.3593714237213135]","[0.20631888508796692, 0.10965713113546371, 0.3049428462982178]","[0.28710734844207764, 0.186599999666214, 0.363571435213089]","[0.29547417163848877, 0.15115714073181152, 0.3868713974952698]","[0.1875489205121994, 0.02410000003874302, 0.3158285617828369]","[0.2866203188896179, 0.13437142968177795, 0.43470001220703125]","[0.23172391951084137, 0.11531428247690201, 0.3814285397529602]","[0.11088425666093826, 0.02590000070631504, 0.2459428459405899]","[0.2896932363510132, 0.12475714832544327, 0.4022999703884125]","[0.23232285678386688, 0.15865714848041534, 0.35100001096725464]","[0.21613898873329163, 0.04935714229941368, 0.37439998984336853]","[0.23561114072799683, 0.159114271402359, 0.32762855291366577]","[0.25117188692092896, 0.18209998309612274, 0.33698567748069763]"
"[0.2793654203414917, 0.13747142255306244, 0.3870857059955597]","[0.19643272459506989, 0.1184714287519455, 0.28755712509155273]","[0.2706356942653656, 0.11478570848703384, 0.3976285457611084]","[0.2713777422904968, 0.1965285688638687, 0.3808571398258209]","[0.24011178314685822, 0.10675714164972305, 0.303457111120224]","[0.27839043736457825, 0.1842714250087738, 0.3675000071525574]","[0.2215322107076645, 0.1380142867565155, 0.2822857201099396]","[0.27004289627075195, 0.16188570857048035, 0.40875715017318726]","[0.09048376232385635, 0.0576142854988575, 0.15042856335639954]","[0.25093433260917664, 0.13025714457035065, 0.3588857054710388]","[0.22003933787345886, 0.1120571419596672, 0.3165142834186554]","[0.17709258198738098, 0.10342856496572495, 0.283042848110199]","[0.12138061225414276, 0.04901428148150444, 0.2044856995344162]","[0.2089168280363083, 0.15139998495578766, 0.2996714115142822]","[0.18037477135658264, 0.05674285441637039, 0.23961427807807922]","[0.25623151659965515, 0.14669999480247498, 0.3415142893791199]","[0.28322139382362366, 0.20489999651908875, 0.3880999982357025]","[0.2978210151195526, 0.16255713999271393, 0.445414274930954]","[0.16220521926879883, 0.057428568601608276, 0.23252856731414795]","[0.21283437311649323, 0.10108571499586105, 0.35630002617836]","[0.246071919798851, 0.17152857780456543, 0.3686999976634979]","[0.2470097541809082, 0.15402856469154358, 0.3572428524494171]","[0.2617771625518799, 0.08751428127288818, 0.4237856864929199]","[0.15937283635139465, 0.09024285525083542, 0.2835142910480499]","[0.19514083862304688, 0.16019998490810394, 0.27399998903274536]"
"[0.29787856340408325, 0.10538571327924728, 0.5097428560256958]","[0.24495762586593628, 0.12842856347560883, 0.39229997992515564]","[0.21077841520309448, 0.0998142808675766, 0.42995715141296387]","[0.3166428506374359, 0.1565428525209427, 0.47681427001953125]","[0.18590125441551208, 0.10494285076856613, 0.31197142601013184]","[0.2879501283168793, 0.20340000092983246, 0.4569857120513916]","[0.21919603645801544, 0.15217141807079315, 0.37601426243782043]","[0.2955932021141052, 0.13374285399913788, 0.561042845249176]","[0.20334844291210175, 0.10989999771118164, 0.29261428117752075]","[0.2549999952316284, 0.13105714321136475, 0.34378570318222046]","[0.27747678756713867, 0.14498570561408997, 0.42794284224510193]","[0.2235695719718933, 0.12515713274478912, 0.37308570742607117]","[0.2212790995836258, 0.10992857068777084, 0.3862714171409607]","[0.2562570571899414, 0.1363571435213089, 0.39262858033180237]","[0.2676126956939697, 0.16665713489055634, 0.3602571487426758]","[0.33403298258781433, 0.18529999256134033, 0.4553143084049225]","[0.3338736295700073, 0.18451428413391113, 0.48017141222953796]","[0.252051442861557, 0.0779285654425621, 0.5335714221000671]","[0.1840895414352417, 0.08977142721414566, 0.30467143654823303]","[0.1761685162782669, 0.07535713911056519, 0.41019997000694275]","[0.3169316351413727, 0.16602857410907745, 0.4181142747402191]","[0.2725358307361603, 0.2036857157945633, 0.3667428493499756]","[0.19742321968078613, 0.06549999862909317, 0.36004284024238586]","[0.2380368560552597, 0.1485999971628189, 0.33398571610450745]","[0.205226331949234, 0.13742856681346893, 0.27807143330574036]"
"[0.16974294185638428, 0.06517142802476883, 0.3059571385383606]","[0.2557610869407654, 0.14135713875293732, 0.4187999665737152]","[0.17036841809749603, 0.050928566604852676, 0.2685857117176056]","[0.26804670691490173, 0.19017140567302704, 0.40697142481803894]","[0.07182856649160385, 0.039557140320539474, 0.12811428308486938]","[0.14938496053218842, 0.035466667264699936, 0.2449571192264557]","[0.11465227603912354, 0.058571428060531616, 0.19651426374912262]","[0.1549048125743866, 0.07959999144077301, 0.25867143273353577]","[0.1915605664253235, 0.12151428312063217, 0.25927144289016724]","[0.18967993557453156, 0.05421428754925728, 0.33895713090896606]","[0.13868524134159088, 0.06047142297029495, 0.2053142786026001]","[0.11519628763198853, 0.03872856870293617, 0.22775714099407196]","[0.26561495661735535, 0.1322285681962967, 0.3919714093208313]","[0.20284223556518555, 0.07137142866849899, 0.32811427116394043]","[0.31740400195121765, 0.20641429722309113, 0.4462856948375702]","[0.1808668076992035, 0.08658570796251297, 0.34362855553627014]","[0.12520214915275574, 0.031599998474121094, 0.20331428945064545]","[0.15283101797103882, 0.06352857500314713, 0.29022857546806335]","[0.30024009943008423, 0.1297857016324997, 0.4851856827735901]","[0.0949995145201683, 0.03985714167356491, 0.2581428587436676]","[0.21080969274044037, 0.09098571538925171, 0.31459999084472656]","[0.2723367214202881, 0.14417143166065216, 0.38191428780555725]","[0.14318837225437164, 0.044514287263154984, 0.30655714869499207]","[0.3275670111179352, 0.14214284718036652, 0.5151714086532593]","[0.2550635039806366, 0.18374285101890564, 0.3772428333759308]"
"[0.310646653175354, 0.17329999804496765, 0.49234285950660706]","[0.345951646566391, 0.23912855982780457, 0.4900856912136078]","[0.24880561232566833, 0.07279999554157257, 0.4285285770893097]","[0.3576936721801758, 0.24204285442829132, 0.4941999912261963]","[0.2852049767971039, 0.17997142672538757, 0.4620857238769531]","[0.26005446910858154, 0.16529999673366547, 0.4001571238040924]","[0.28890588879585266, 0.14331427216529846, 0.42974284291267395]","[0.30346402525901794, 0.13251428306102753, 0.4466285705566406]","[0.22396427392959595, 0.10315714031457901, 0.3017142713069916]","[0.2644529938697815, 0.17065714299678802, 0.3683285713195801]","[0.23771053552627563, 0.11959999799728394, 0.3839714229106903]","[0.2699536979198456, 0.16542856395244598, 0.375900000333786]","[0.32336631417274475, 0.1492999941110611, 0.45481425523757935]","[0.2754707932472229, 0.16040000319480896, 0.3829714357852936]","[0.3824845850467682, 0.24124285578727722, 0.5159000158309937]","[0.2906224727630615, 0.18382856249809265, 0.5198285579681396]","[0.3203772306442261, 0.1859428584575653, 0.4498142898082733]","[0.2881770730018616, 0.10408570617437363, 0.4951857030391693]","[0.38920822739601135, 0.2434714138507843, 0.5098571181297302]","[0.19124974310398102, 0.05411428213119507, 0.33302855491638184]","[0.39621731638908386, 0.24218571186065674, 0.5414285659790039]","[0.36174121499061584, 0.18208572268486023, 0.5173143148422241]","[0.27053403854370117, 0.13748571276664734, 0.47668570280075073]","[0.33927688002586365, 0.2345571368932724, 0.4519713819026947]","[0.39983057975769043, 0.31127142906188965, 0.514114260673523]"
"[0.3776564598083496, 0.18239998817443848, 0.5362856984138489]","[0.3502853214740753, 0.20681428909301758, 0.4926285743713379]","[0.385773241519928, 0.18892857432365417, 0.5614285469055176]","[0.3711133301258087, 0.2538999915122986, 0.5077000260353088]","[0.28451427817344666, 0.18604286015033722, 0.4609714150428772]","[0.2820647954940796, 0.12711428105831146, 0.4113428592681885]","[0.26338881254196167, 0.155885711312294, 0.34057140350341797]","[0.3556066155433655, 0.20251427590847015, 0.5197428464889526]","[0.29653027653694153, 0.08002857118844986, 0.42311426997184753]","[0.2653296887874603, 0.16401426494121552, 0.36149999499320984]","[0.3189988136291504, 0.18529999256134033, 0.48651430010795593]","[0.23153412342071533, 0.14382855594158173, 0.3911571204662323]","[0.26003333926200867, 0.12612856924533844, 0.45161429047584534]","[0.2911924719810486, 0.17481426894664764, 0.43631428480148315]","[0.43240272998809814, 0.2573714256286621, 0.6211285591125488]","[0.3861079812049866, 0.2538999915122986, 0.5294714570045471]","[0.31567803025245667, 0.20517142117023468, 0.47052857279777527]","[0.40510013699531555, 0.2556857168674469, 0.5388999581336975]","[0.3781324028968811, 0.1534285694360733, 0.5656999945640564]","[0.243451327085495, 0.13988570868968964, 0.43377140164375305]","[0.4040316045284271, 0.26989999413490295, 0.551971435546875]","[0.33402183651924133, 0.17267142236232758, 0.5206857323646545]","[0.363915354013443, -0.2709285318851471, 0.734499990940094]","[0.393998384475708, 0.2385571300983429, 0.5481999516487122]","[0.3725028336048126, 0.2541714310646057, 0.5098428130149841]"
"[0.33250272274017334, 0.17925713956356049, 0.5484713912010193]","[0.3661842942237854, 0.1971714198589325, 0.5875571370124817]","[0.19687218964099884, 0.002657142700627446, 0.4806428551673889]","[0.32145676016807556, 0.1720285713672638, 0.46222853660583496]","[0.1805509328842163, 0.09625714272260666, 0.2637714445590973]","[0.3493238389492035, 0.13847142457962036, 0.5349000096321106]","[0.2779829800128937, 0.1476571410894394, 0.4156000018119812]","[0.4063456356525421, 0.26654285192489624, 0.5439571142196655]","[0.13650274276733398, 0.06567142903804779, 0.24485714733600616]","[0.2774612605571747, 0.11069999635219574, 0.4668285548686981]","[0.36187633872032166, 0.0471000000834465, 0.5903142690658569]","[0.22545474767684937, 0.03748571500182152, 0.44612857699394226]","[0.15393638610839844, 0.06357143074274063, 0.27481427788734436]","[0.35289818048477173, 0.22854284942150116, 0.4762856960296631]","[0.300043523311615, 0.1614857017993927, 0.41589999198913574]","[0.36987563967704773, 0.1826571375131607, 0.4976142346858978]","[0.3863038420677185, 0.2037571370601654, 0.5391142964363098]","[0.30283910036087036, 0.03418571501970291, 0.5346856713294983]","[0.264652818441391, 0.127414271235466, 0.4278571307659149]","[0.11684852093458176, 0.008499999530613422, 0.39315715432167053]","[0.2950401306152344, 0.15621428191661835, 0.47752857208251953]","[0.31368011236190796, 0.21574285626411438, 0.4405713975429535]","[0.29086408019065857, 0.02295714244246483, 0.5426428318023682]","[0.3328168988227844, 0.2158428579568863, 0.5198143124580383]","[0.3989189565181732, 0.22495713829994202, 0.5848857164382935]"
"[0.24396218359470367, 0.13978570699691772, 0.3967142701148987]","[0.31514477729797363, 0.1671999841928482, 0.45505714416503906]","[0.23251640796661377, 0.12605713307857513, 0.3505571186542511]","[0.2288936823606491, 0.12947142124176025, 0.3472428321838379]","[0.14648012816905975, 0.10824285447597504, 0.19787141680717468]","[0.24846775829792023, 0.12139999866485596, 0.35231664776802063]","[0.17942765355110168, 0.09308570623397827, 0.2867714464664459]","[0.269575297832489, 0.1443857103586197, 0.40871429443359375]","[0.2314310520887375, 0.150128573179245, 0.30817142128944397]","[0.2152716964483261, 0.12702856957912445, 0.29988572001457214]","[0.1867910921573639, 0.09111428260803223, 0.27978572249412537]","[0.17677275836467743, 0.0713857114315033, 0.27164286375045776]","[0.21235577762126923, 0.08024285733699799, 0.4157285690307617]","[0.22982710599899292, 0.1314571350812912, 0.3269142806529999]","[0.3025060296058655, 0.15394285321235657, 0.5533856749534607]","[0.15813402831554413, 0.0867999941110611, 0.2605571448802948]","[0.3152760863304138, 0.1443571299314499, 0.45507141947746277]","[0.24625276029109955, 0.13589999079704285, 0.43868568539619446]","[0.21786919236183167, 0.11649999767541885, 0.30808570981025696]","[0.1509675532579422, 0.05281428247690201, 0.26507142186164856]","[0.2427380084991455, 0.14077141880989075, 0.3789857029914856]","[0.2171870619058609, 0.1112428531050682, 0.3489142954349518]","[0.2784862220287323, 0.07358571141958237, 0.43148571252822876]","[0.28536322712898254, 0.14417143166065216, 0.4032714068889618]","[0.29052242636680603, 0.18604286015033722, 0.40614286065101624]"
"[0.2398097664117813, 0.11462856829166412, 0.4455285668373108]","[0.1754767745733261, 0.04667142778635025, 0.33355712890625]","[0.18514195084571838, 0.04741428419947624, 0.3757856786251068]","[0.26932331919670105, 0.1420857161283493, 0.4082714021205902]","[0.1283726692199707, 0.04855713993310928, 0.20241427421569824]","[0.1952793002128601, 0.11045713722705841, 0.3106999695301056]","[0.11098664999008179, 0.04021428897976875, 0.23485712707042694]","[0.20096170902252197, 0.064885713160038, 0.3332999646663666]","[0.11149880290031433, 0.04311428219079971, 0.1809714287519455]","[0.1794799417257309, 0.08009999990463257, 0.3038000166416168]","[0.12010561674833298, 0.034857142716646194, 0.22989998757839203]","[0.10946587473154068, 0.039571430534124374, 0.2037571370601654]","[0.10455499589443207, 0.04125714302062988, 0.2296571433544159]","[0.1494641900062561, 0.03562857210636139, 0.2669999897480011]","[0.1161339282989502, 0.04447142407298088, 0.24491429328918457]","[0.1991642713546753, 0.08614285290241241, 0.3142857253551483]","[0.21288955211639404, 0.09285713732242584, 0.327685683965683]","[0.18022803962230682, 0.06379999965429306, 0.3645142912864685]","[0.11778400838375092, 0.04294285550713539, 0.2728285789489746]","[0.11409248411655426, 0.04564285650849342, 0.21130000054836273]","[0.23881667852401733, 0.14908571541309357, 0.32112857699394226]","[0.15739098191261292, 0.06135714054107666, 0.27971428632736206]","[0.14323003590106964, 0.04747143015265465, 0.2964571416378021]","[0.17528308928012848, 0.09405714273452759, 0.3051857054233551]","[0.16586746275424957, 0.06514285504817963, 0.31601428985595703]"
"[0.2804320752620697, 0.15032856166362762, 0.3903285562992096]","[0.25878387689590454, 0.1492714136838913, 0.37135714292526245]","[0.26167750358581543, 0.1193571463227272, 0.3920571208000183]","[0.2375338226556778, 0.12714286148548126, 0.3376857340335846]","[0.1838763952255249, 0.11184285581111908, 0.2846857011318207]","[0.37046635150909424, 0.1729285717010498, 0.49461427330970764]","[0.19305896759033203, 0.06437142938375473, 0.3133714199066162]","[0.3631039559841156, 0.21714285016059875, 0.48328569531440735]","[0.19584870338439941, 0.10931428521871567, 0.2572571337223053]","[0.2794249951839447, 0.12802855670452118, 0.449657142162323]","[0.2527667284011841, 0.1103857159614563, 0.4284714162349701]","[0.1585957556962967, 0.05268571153283119, 0.27949997782707214]","[0.19348673522472382, 0.08754285424947739, 0.31195715069770813]","[0.24206699430942535, 0.10005713999271393, 0.39408570528030396]","[0.290203332901001, 0.19572857022285461, 0.3622142970561981]","[0.3123151361942291, 0.1736856997013092, 0.45254284143447876]","[0.39702802896499634, 0.24502000212669373, 0.5149000287055969]","[0.31104254722595215, 0.14395713806152344, 0.4936285614967346]","[0.2835925817489624, 0.15521427989006042, 0.37939998507499695]","[0.24080823361873627, 0.09692857414484024, 0.44368571043014526]","[0.30551716685295105, 0.16662856936454773, 0.47788572311401367]","[0.2530105710029602, 0.13901427388191223, 0.3350428640842438]","[0.33937591314315796, 0.10577142238616943, 0.555814266204834]","[0.28877630829811096, 0.18307141959667206, 0.37938570976257324]","[0.2670426368713379, 0.16285714507102966, 0.3627428412437439]"
"[0.27199581265449524, 0.12054284662008286, 0.464257150888443]","[0.3442789912223816, 0.18971429765224457, 0.5375714302062988]","[0.20891578495502472, 0.09602856636047363, 0.38579997420310974]","[0.29549330472946167, 0.15365715324878693, 0.449657142162323]","[0.1856987625360489, 0.1062857061624527, 0.26107141375541687]","[0.3670139014720917, 0.19784285128116608, 0.5139142870903015]","[0.2652498483657837, 0.14255714416503906, 0.40385714173316956]","[0.3242051303386688, 0.13685713708400726, 0.6365799903869629]","[0.2148173749446869, 0.1437000036239624, 0.2596571445465088]","[0.2139194905757904, 0.086814284324646, 0.30087143182754517]","[0.23590420186519623, 0.09074284881353378, 0.38025712966918945]","[0.16244180500507355, 0.07397142797708511, 0.28278571367263794]","[0.21667619049549103, 0.11562856286764145, 0.33308571577072144]","[0.27379295229911804, 0.10579999536275864, 0.4438857138156891]","[0.28212276101112366, 0.16202856600284576, 0.4189428687095642]","[0.2358594536781311, 0.06357143074274063, 0.36578568816185]","[0.42632266879081726, 0.29159998893737793, 0.5940399765968323]","[0.26044726371765137, 0.10017142444849014, 0.5191857218742371]","[0.26769617199897766, 0.18559999763965607, 0.3772285580635071]","[0.19381551444530487, 0.11658571660518646, 0.33718571066856384]","[0.2740039527416229, 0.10351427644491196, 0.47865715622901917]","[0.32315877079963684, 0.1607142835855484, 0.4405428469181061]","[0.24989144504070282, 0.07912857085466385, 0.4197714030742645]","[0.37309232354164124, 0.21711428463459015, 0.6145428419113159]","[0.3144540786743164, 0.23167142271995544, 0.43361425399780273]"
"[0.20126017928123474, 0.06282857060432434, 0.39651426672935486]","[0.26993826031684875, 0.16032855212688446, 0.4198428690433502]","[0.25833800435066223, 0.0949714258313179, 0.4684714376926422]","[0.17138682305812836, 0.08707142621278763, 0.3083285689353943]","[0.1517173796892166, 0.08672857284545898, 0.22044286131858826]","[0.28070616722106934, 0.12874284386634827, 0.46281999349594116]","[0.22109633684158325, 0.12250000238418579, 0.3523571491241455]","[0.3274991810321808, 0.18690000474452972, 0.4254857003688812]","[0.10328960418701172, 0.046214282512664795, 0.168771430850029]","[0.2396513670682907, 0.14398571848869324, 0.3472428321838379]","[0.19638055562973022, 0.06075713783502579, 0.42958569526672363]","[0.18424099683761597, 0.024414286017417908, 0.34938570857048035]","[0.13750208914279938, 0.017585713416337967, 0.29988572001457214]","[0.24217131733894348, 0.13204285502433777, 0.4059571623802185]","[0.20009954273700714, 0.1111714243888855, 0.3620428442955017]","[0.2402869611978531, 0.14214284718036652, 0.35179996490478516]","[0.3465169072151184, 0.22434285283088684, 0.4736599922180176]","[0.27294492721557617, 0.11868571490049362, 0.4672714173793793]","[0.20936882495880127, 0.12514285743236542, 0.28944283723831177]","[0.17669273912906647, 0.03999999538064003, 0.43779999017715454]","[0.2592380940914154, 0.14838571846485138, 0.37391427159309387]","[0.2387852966785431, 0.1297571361064911, 0.3787856996059418]","[0.2348637580871582, 0.06014285609126091, 0.3984571397304535]","[0.2095310240983963, 0.1079857125878334, 0.33472853899002075]","[0.22054064273834229, 0.1054857149720192, 0.33974286913871765]"
"[0.20328804850578308, 0.04845714196562767, 0.34688568115234375]","[0.15965405106544495, 0.06024285778403282, 0.27558571100234985]","[0.08972234278917313, 0.00908571481704712, 0.24237142503261566]","[0.22903478145599365, 0.10047142952680588, 0.3572857081890106]","[0.1303279548883438, 0.05225714296102524, 0.25125712156295776]","[0.189559668302536, 0.08207999914884567, 0.3140999972820282]","[0.1705024242401123, 0.06668571382761002, 0.3273142874240875]","[0.21310661733150482, 0.09752856940031052, 0.3149285614490509]","[0.0815623328089714, 0.03599999472498894, 0.13324286043643951]","[0.2267046719789505, 0.08508571237325668, 0.39404287934303284]","[0.1345365196466446, 0.04471428319811821, 0.25110000371932983]","[0.16665898263454437, 0.030714284628629684, 0.3675571084022522]","[0.1265612244606018, 0.057814281433820724, 0.2036142647266388]","[0.19739456474781036, 0.05414285510778427, 0.3707714080810547]","[0.14371360838413239, 0.052371423691511154, 0.3188857138156891]","[0.13314642012119293, 0.046385712921619415, 0.23912855982780457]","[0.18811944127082825, 0.05195999890565872, 0.25476667284965515]","[0.14523011445999146, 0.007585714105516672, 0.3512856960296631]","[0.20184147357940674, 0.07038570940494537, 0.3401857018470764]","[0.08119457960128784, 0.04529999941587448, 0.13839998841285706]","[0.1926899552345276, 0.061971429735422134, 0.30477142333984375]","[0.17334789037704468, 0.054171424359083176, 0.29352855682373047]","[0.19799692928791046, 0.05052856728434563, 0.3634571433067322]","[0.1822938174009323, 0.07347142696380615, 0.3067714273929596]","[0.1637435108423233, 0.08014285564422607, 0.30461427569389343]"
"[0.19574490189552307, 0.0966285690665245, 0.325300008058548]","[0.09741606563329697, 0.027971429750323296, 0.2118285745382309]","[0.09576474130153656, 0.03511428460478783, 0.3488428592681885]","[0.22677989304065704, 0.10358571261167526, 0.313400000333786]","[0.09059876203536987, 0.04015713930130005, 0.1590714305639267]","[0.17457443475723267, 0.07744284719228745, 0.28031426668167114]","[0.10225652903318405, 0.0422285720705986, 0.19859997928142548]","[0.2141086310148239, 0.09995714575052261, 0.35411426424980164]","[0.04635649546980858, 0.002300000051036477, 0.11775714159011841]","[0.09811537712812424, 0.03231428563594818, 0.2150857150554657]","[0.09159297496080399, 0.0397714301943779, 0.16745713353157043]","[0.11559338122606277, 0.046371426433324814, 0.2312714010477066]","[0.0854792445898056, 0.023728569969534874, 0.13361428678035736]","[0.14208100736141205, 0.062214285135269165, 0.22914285957813263]","[0.10826562345027924, 0.01662857085466385, 0.21982857584953308]","[0.11293718218803406, 0.046642858535051346, 0.2904285788536072]","[0.23391318321228027, 0.0860428586602211, 0.3372499942779541]","[0.17706386744976044, 0.042814284563064575, 0.35359999537467957]","[0.09960223734378815, 0.025828570127487183, 0.2061714082956314]","[0.05016246810555458, 0.024385714903473854, 0.14791429042816162]","[0.19677330553531647, 0.08737142384052277, 0.31191426515579224]","[0.14280067384243011, 0.06318571418523788, 0.25764283537864685]","[0.11482950299978256, 0.03514285758137703, 0.28685712814331055]","[0.12278500944375992, 0.03481428697705269, 0.24859999120235443]","[0.11094637215137482, 0.026185711845755577, 0.2077857106924057]"
"[0.19793398678302765, 0.06945713609457016, 0.3304999768733978]","[0.15564672648906708, 0.06321428716182709, 0.3155571520328522]","[0.19498616456985474, 0.050042860209941864, 0.39404281973838806]","[0.17975333333015442, 0.09104286134243011, 0.2693571448326111]","[0.09272857010364532, 0.022899998351931572, 0.22932855784893036]","[0.25514519214630127, 0.18613998591899872, 0.34131428599357605]","[0.12304968386888504, 0.03764285892248154, 0.19924286007881165]","[0.24816781282424927, 0.11416666954755783, 0.3942714035511017]","[0.04875779151916504, 0.004042857326567173, 0.11698571592569351]","[0.19576922059059143, 0.06338571012020111, 0.3003857135772705]","[0.19801990687847137, 0.07205714285373688, 0.39711427688598633]","[0.1185026466846466, 0.025028571486473083, 0.21328571438789368]","[0.09684590995311737, 0.03171428292989731, 0.1613857001066208]","[0.12066410481929779, 0.06242856755852699, 0.2988714277744293]","[0.1908024549484253, 0.08412856608629227, 0.3416714370250702]","[0.14442668855190277, 0.06585714221000671, 0.244242861866951]","[0.2044728845357895, 0.07503332942724228, 0.3171999752521515]","[0.23689907789230347, 0.07029999792575836, 0.48399999737739563]","[0.1490325629711151, 0.04747143015265465, 0.25107142329216003]","[0.12694087624549866, 0.05245714262127876, 0.32411429286003113]","[0.15497630834579468, 0.06871428340673447, 0.3018571436405182]","[0.14492666721343994, 0.05827142670750618, 0.321228563785553]","[0.22322189807891846, 0.02208571322262287, 0.41185712814331055]","[0.16372106969356537, 0.04668571427464485, 0.28697139024734497]","[0.15587736666202545, 0.0706142857670784, 0.29262855648994446]"
"[0.23952554166316986, 0.1526000052690506, 0.4221856892108917]","[0.26804956793785095, 0.16660000383853912, 0.39091426134109497]","[0.29672202467918396, 0.177757129073143, 0.41925713419914246]","[0.25948891043663025, 0.17234285175800323, 0.3634428381919861]","[0.18644596636295319, 0.11941427737474442, 0.26011428236961365]","[0.28008225560188293, 0.22925713658332825, 0.35924285650253296]","[0.20738662779331207, 0.12372857332229614, 0.2817285656929016]","[0.35492053627967834, 0.2670285403728485, 0.44042855501174927]","[0.22151364386081696, 0.11637143045663834, 0.30787140130996704]","[0.2644500136375427, 0.13921429216861725, 0.37937143445014954]","[0.30294355750083923, 0.20669999718666077, 0.38118571043014526]","[0.29064443707466125, 0.21688571572303772, 0.3563714027404785]","[0.27122074365615845, 0.11162856966257095, 0.38364285230636597]","[0.2938079535961151, 0.14755713939666748, 0.39711427688598633]","[0.2825816869735718, 0.13441428542137146, 0.43694284558296204]","[0.299826443195343, 0.1956285685300827, 0.37067142128944397]","[0.2917581796646118, 0.23312856256961823, 0.3619856834411621]","[0.28039953112602234, 0.14329998195171356, 0.46405714750289917]","[0.25156575441360474, 0.14708571135997772, 0.4325714111328125]","[0.3134916126728058, 0.22595714032649994, 0.3861714005470276]","[0.2599508762359619, 0.16935715079307556, 0.3528856933116913]","[0.23336291313171387, 0.12112856656312943, 0.33235713839530945]","[0.342713326215744, 0.24490000307559967, 0.4724428355693817]","[0.21071875095367432, 0.11228571832180023, 0.27617141604423523]","[0.24455010890960693, 0.1703857183456421, 0.33864283561706543]"
"[0.35476529598236084, 0.17064285278320312, 0.510271430015564]","[0.2471095472574234, 0.08705713599920273, 0.4756428599357605]","[0.2121279537677765, 0.04498571157455444, 0.4267428517341614]","[0.3205830752849579, 0.2296285629272461, 0.4872142970561981]","[0.28680866956710815, 0.16764286160469055, 0.372471421957016]","[0.309637188911438, 0.18064284324645996, 0.4422999918460846]","[0.3148358464241028, 0.2076999992132187, 0.43124285340309143]","[0.2635876536369324, 0.12619999051094055, 0.4779570996761322]","[0.136776864528656, 0.028914285823702812, 0.22662855684757233]","[0.3101181387901306, 0.16441428661346436, 0.42987141013145447]","[0.23180726170539856, 0.11268571764230728, 0.3960999846458435]","[0.21254152059555054, 0.08437143266201019, 0.3610714077949524]","[0.17394353449344635, 0.05697142705321312, 0.2775714099407196]","[0.3394608199596405, 0.1931571215391159, 0.5203999876976013]","[0.14659151434898376, 0.03805714100599289, 0.30971428751945496]","[0.2838928699493408, 0.1307285726070404, 0.4588142931461334]","[0.2744957506656647, 0.1762000024318695, 0.4178999960422516]","[0.3145504891872406, 0.06451428681612015, 0.48897141218185425]","[0.19613716006278992, 0.05048571154475212, 0.323928564786911]","[0.17208127677440643, 0.06922857463359833, 0.4173714220523834]","[0.31196919083595276, 0.13995714485645294, 0.5241857171058655]","[0.27669769525527954, 0.06481428444385529, 0.48992854356765747]","[0.21404018998146057, 0.06215714290738106, 0.3571999669075012]","[0.2944261133670807, 0.15067140758037567, 0.44495710730552673]","[0.17772813141345978, 0.07245714217424393, 0.27388569712638855]"
"[0.4745316803455353, 0.2798857092857361, 0.7093714475631714]","[0.4824250340461731, 0.27165713906288147, 0.6248856782913208]","[0.361870676279068, 0.07207142561674118, 0.6082285642623901]","[0.46156027913093567, 0.3042857348918915, 0.6173142790794373]","[0.4810304343700409, 0.31048569083213806, 0.6787142753601074]","[0.4059552550315857, 0.23522856831550598, 0.554528534412384]","[0.4708139896392822, 0.3634285628795624, 0.6738428473472595]","[0.38060158491134644, 0.15691427886486053, 0.5570856928825378]","[0.3360244631767273, 0.21687142550945282, 0.4690571427345276]","[0.4121222496032715, 0.193985715508461, 0.6120857000350952]","[0.5147744417190552, 0.28218570351600647, 0.6691999435424805]","[0.4661557972431183, 0.2166714370250702, 0.6062999367713928]","[0.4675976037979126, 0.24564285576343536, 0.7339000105857849]","[0.5298641324043274, 0.3734142780303955, 0.713857114315033]","[0.5005406141281128, 0.35829997062683105, 0.682614266872406]","[0.5494365096092224, 0.40472856163978577, 0.7460285425186157]","[0.4800818860530853, 0.22095714509487152, 0.6460142731666565]","[0.3924678862094879, 0.16697143018245697, 0.6039285659790039]","[0.5507722496986389, 0.31191426515579224, 0.6865000128746033]","[0.36462685465812683, 0.1696857064962387, 0.5998714566230774]","[0.47016048431396484, 0.3414571285247803, 0.6481285691261292]","[0.4778467118740082, 0.26425713300704956, 0.6314428448677063]","[0.35999199748039246, 0.11332856863737106, 0.6840571165084839]","[0.4917137324810028, 0.33062857389450073, 0.6260713934898376]","[0.5586129426956177, 0.41278570890426636, 0.6976571083068848]"
"[0.22230546176433563, 0.06485714018344879, 0.3896571695804596]","[0.1985691338777542, 0.07014285773038864, 0.3545285761356354]","[0.15768946707248688, 0.04894285649061203, 0.28434282541275024]","[0.2670667767524719, 0.13281427323818207, 0.4558999836444855]","[0.19878634810447693, 0.12681427597999573, 0.3214857280254364]","[0.20895935595035553, 0.14270000159740448, 0.32083332538604736]","[0.29414102435112, 0.13039998710155487, 0.41671425104141235]","[0.18517513573169708, 0.06622856855392456, 0.323928564786911]","[0.17620743811130524, 0.08324285596609116, 0.3212142586708069]","[0.15457169711589813, 0.08751428127288818, 0.23399999737739563]","[0.1507381647825241, 0.07349999248981476, 0.29007142782211304]","[0.25464126467704773, 0.05542856827378273, 0.4275999665260315]","[0.21047991514205933, 0.0778999999165535, 0.36578568816185]","[0.2519974410533905, 0.05621428042650223, 0.4449000060558319]","[0.18429061770439148, 0.031942855566740036, 0.356157124042511]","[0.12384411692619324, 0.02508571371436119, 0.32835716009140015]","[0.18083696067333221, 0.017149999737739563, 0.30209997296333313]","[0.15804776549339294, 0.05139999836683273, 0.34202855825424194]","[0.2132793366909027, 0.12048571556806564, 0.33978572487831116]","[0.14349998533725739, 0.044442854821681976, 0.2775000035762787]","[0.1795358955860138, 0.049471430480480194, 0.3652714192867279]","[0.2447991818189621, 0.09375713765621185, 0.42974284291267395]","[0.19138024747371674, 0.07758571207523346, 0.2866571247577667]","[0.18892133235931396, 0.07329999655485153, 0.3027285933494568]","[0.19583317637443542, 0.09461428225040436, 0.33302855491638184]"
"[0.35658755898475647, 0.17755714058876038, 0.6439142823219299]","[0.35661667585372925, 0.22597143054008484, 0.48407143354415894]","[0.41359373927116394, 0.1778285652399063, 0.6664856672286987]","[0.3068315088748932, 0.1623142808675766, 0.467428594827652]","[0.468473881483078, 0.340800017118454, 0.5822286009788513]","[0.39199817180633545, 0.19765713810920715, 0.5967713594436646]","[0.49592310190200806, 0.4009142518043518, 0.6345714330673218]","[0.4633190631866455, 0.25857141613960266, 0.6384000182151794]","[0.2691049575805664, 0.12157142162322998, 0.35602855682373047]","[0.3819156289100647, 0.21881428360939026, 0.5802143216133118]","[0.48298731446266174, 0.24077142775058746, 0.7204999923706055]","[0.5345029234886169, 0.2842999994754791, 0.7676142454147339]","[0.34396496415138245, 0.20472857356071472, 0.4795999825000763]","[0.4869304597377777, 0.30539998412132263, 0.6959856748580933]","[0.3173452913761139, 0.19744285941123962, 0.42078569531440735]","[0.35909515619277954, 0.20019999146461487, 0.5805714726448059]","[0.42566582560539246, 0.27057141065597534, 0.6327142715454102]","[0.4753435552120209, 0.23062856495380402, 0.6850571036338806]","[0.3090578019618988, 0.1574142873287201, 0.4390571117401123]","[0.37304189801216125, 0.08637142181396484, 0.6195000410079956]","[0.2941736876964569, 0.14997141063213348, 0.418828547000885]","[0.37405234575271606, 0.18391427397727966, 0.557185709476471]","[0.38037583231925964, 0.13259999454021454, 0.6530428528785706]","[0.2840546667575836, 0.14671428501605988, 0.43404287099838257]","[0.3114685118198395, 0.22198571264743805, 0.4584999680519104]"
"[0.5133801102638245, 0.33789998292922974, 0.6902856826782227]","[0.4977487027645111, 0.32922857999801636, 0.6462714076042175]","[0.5631496906280518, 0.38280001282691956, 0.763785719871521]","[0.46689996123313904, 0.30634284019470215, 0.5899142622947693]","[0.4958360195159912, 0.40628570318222046, 0.590328574180603]","[0.5957105159759521, 0.4007714092731476, 0.6984428763389587]","[0.6002313494682312, 0.4552428424358368, 0.7199856638908386]","[0.6395501494407654, 0.4413571357727051, 0.7539571523666382]","[0.3603038787841797, 0.19741427898406982, 0.5441285371780396]","[0.5527184009552002, 0.4522285461425781, 0.658385694026947]","[0.6405761241912842, 0.43158572912216187, 0.8268285393714905]","[0.649402916431427, 0.5256856679916382, 0.8352999687194824]","[0.4258275330066681, 0.25211426615715027, 0.5956999659538269]","[0.5894175171852112, 0.43128570914268494, 0.7172570824623108]","[0.4448569118976593, 0.30657142400741577, 0.6037570834159851]","[0.5376510620117188, 0.3625714182853699, 0.7257571220397949]","[0.7112756371498108, 0.5607285499572754, 0.8230714201927185]","[0.6535038948059082, 0.32362857460975647, 0.8106713891029358]","[0.4888797104358673, 0.3717428743839264, 0.587157130241394]","[0.6262511014938354, 0.31285715103149414, 0.8078285455703735]","[0.4767475724220276, 0.3491714298725128, 0.7129856944084167]","[0.4938443601131439, 0.27469998598098755, 0.6586571335792542]","[0.6473370790481567, 0.3666285574436188, 0.8228713870048523]","[0.48528555035591125, 0.33642858266830444, 0.6251428723335266]","[0.5180450677871704, 0.40448570251464844, 0.6300999522209167]"
"[0.4251756966114044, 0.08339999616146088, 0.8983999490737915]","[0.2281147837638855, 0.02669999934732914, 0.8086999654769897]","[0.23361700773239136, 0.0050999997183680534, 0.9700999855995178]","[0.5329426527023315, 0.19909998774528503, 0.8424999713897705]","[0.43238693475723267, 0.09829999506473541, 0.8402999639511108]","[0.4586314857006073, 0.026899999007582664, 1.0579999685287476]","[0.5172616839408875, 0.12469999492168427, 0.8907999992370605]","[0.34024375677108765, 0.02669999934732914, 0.8726999759674072]","[-0.006142307538539171, -0.020999999716877937, 0.009499999694526196]","[0.4614313542842865, 0.062199998646974564, 0.953499972820282]","[0.22917704284191132, 0.012999999336898327, 0.7292999625205994]","[0.31812959909439087, 0.015099999494850636, 0.9230999946594238]","[0.0004499998758547008, -0.008499999530613422, 0.0405999980866909]","[0.5035474896430969, 0.10189999639987946, 0.9972999691963196]","[0.2510032057762146, 0.009800000116229057, 0.6222999691963196]","[0.2756999731063843, 0.025299999862909317, 1.0673999786376953]","[0.41168779134750366, 0.0429999977350235, 0.873699963092804]","[0.3462630808353424, 0.024299999698996544, 0.9680999517440796]","[0.02189638465642929, -0.011500000022351742, 0.40059998631477356]","[0.10109830647706985, 0.0050999997183680534, 0.5806999802589417]","[0.1505720615386963, 0.006599999964237213, 0.8463999629020691]","[0.38901153206825256, 0.017899999395012856, 0.8743999600410461]","[0.2705775499343872, -0.0026000000070780516, 1.0300999879837036]","[0.15388169884681702, -0.010799999348819256, 0.9110999703407288]","[0.07016666233539581, -0.004600000102072954, 0.31139999628067017]"
