"[14.179572105407715, 9.044567108154297, 21.73496437072754]","[8.975750923156738, 4.922550678253174, 17.06165313720703]","[10.005803108215332, 7.0521955490112305, 15.22168254852295]","[17.802339553833008, 10.650978088378906, 25.240034103393555]","[18.02471160888672, 14.448041915893555, 21.290559768676758]","[6.950135707855225, 4.813114166259766, 10.809258460998535]","[21.497568130493164, 14.258811950683594, 30.657180786132812]","[8.663260459899902, 4.878815650939941, 13.446396827697754]","[2.3156538009643555, 1.6204204559326172, 4.651027679443359]","[14.670266151428223, 8.28040885925293, 18.953205108642578]","[8.849581718444824, 5.033430576324463, 14.42518424987793]","[9.852052688598633, 5.0830583572387695, 14.144598007202148]","[1.88536536693573, 1.5172319412231445, 2.3333871364593506]","[12.38575553894043, 4.833415508270264, 26.598037719726562]","[6.05969762802124, 2.4627020359039307, 8.761687278747559]","[14.343369483947754, 8.570781707763672, 20.526966094970703]","[6.099716663360596, 4.774068355560303, 8.688333511352539]","[10.314848899841309, 6.580212116241455, 17.577062606811523]","[2.1040117740631104, 1.139822006225586, 3.9948067665100098]","[6.392402648925781, 5.423202037811279, 7.861086368560791]","[13.599614143371582, 9.684515953063965, 18.17243194580078]","[7.666774749755859, 3.731929063796997, 18.274805068969727]","[6.518521785736084, 4.710383892059326, 11.065211296081543]","[8.319903373718262, 3.810343027114868, 13.549925804138184]","[6.57859468460083, 2.2310664653778076, 11.61151123046875]"
"[33.2891960144043, 24.135055541992188, 44.60483932495117]","[25.227840423583984, 16.613981246948242, 36.7847785949707]","[19.791128158569336, 13.206557273864746, 38.501285552978516]","[40.69513702392578, 33.861793518066406, 47.16427230834961]","[14.989603996276855, 12.706685066223145, 18.897781372070312]","[16.09098243713379, 14.188263893127441, 19.005159378051758]","[15.964879035949707, 12.782285690307617, 18.236093521118164]","[21.370407104492188, 16.56979751586914, 27.970703125]","[24.182830810546875, 20.741992950439453, 27.361249923706055]","[14.208815574645996, 12.495328903198242, 16.819761276245117]","[17.967748641967773, 12.31062126159668, 26.803314208984375]","[14.745631217956543, 11.770307540893555, 21.67354965209961]","[27.607566833496094, 22.850818634033203, 33.513004302978516]","[18.352468490600586, 13.165032386779785, 32.513099670410156]","[26.131610870361328, 18.100929260253906, 33.44328689575195]","[26.532012939453125, 18.458349227905273, 36.77561569213867]","[16.54961585998535, 14.728934288024902, 19.443599700927734]","[22.46724510192871, 14.766968727111816, 38.18172836303711]","[31.897418975830078, 25.600772857666016, 37.60442352294922]","[15.556536674499512, 12.181157112121582, 22.22020149230957]","[37.919071197509766, 31.431936264038086, 46.04529571533203]","[18.195093154907227, 11.989306449890137, 28.291547775268555]","[13.403493881225586, 10.603222846984863, 18.4317569732666]","[30.108848571777344, 21.7707576751709, 36.5025520324707]","[30.556053161621094, 19.950176239013672, 42.64618682861328]"
"[4.563673496246338, 2.6763803958892822, 6.069340705871582]","[2.722862482070923, 0.9258769154548645, 4.56119966506958]","[1.826583743095398, 1.2149146795272827, 3.107553720474243]","[5.183628559112549, 3.8002419471740723, 6.872053623199463]","[4.528581619262695, 3.0469677448272705, 5.259091854095459]","[6.7897162437438965, 3.8272225856781006, 9.289972305297852]","[2.4531052112579346, 1.3424108028411865, 4.594348430633545]","[3.822786569595337, 1.6607005596160889, 6.765519142150879]","[1.1292978525161743, 0.6523845791816711, 1.503186821937561]","[6.6807403564453125, 4.68765115737915, 9.195036888122559]","[1.5309137105941772, 1.2066401243209839, 2.0098836421966553]","[2.1709508895874023, 1.1365529298782349, 3.881803512573242]","[0.913889467716217, 0.6427338719367981, 1.3534660339355469]","[2.6311850547790527, 1.4376757144927979, 5.043486595153809]","[1.6184688806533813, 0.9790869355201721, 2.8338685035705566]","[2.79408860206604, 1.9638103246688843, 4.199438095092773]","[5.0250163078308105, 2.3694710731506348, 7.461512565612793]","[2.9029126167297363, 1.4630993604660034, 4.789460182189941]","[1.40470552444458, 0.7148643136024475, 4.043271064758301]","[1.8541011810302734, 1.2814208269119263, 3.204833984375]","[4.407562732696533, 3.0048811435699463, 5.913222312927246]","[2.1473731994628906, 0.9128627181053162, 5.3255615234375]","[4.9819416999816895, 1.7319785356521606, 11.237405776977539]","[4.832589149475098, 3.3311827182769775, 6.617376804351807]","[1.8849848508834839, 1.093408465385437, 2.8704516887664795]"
"[1.7977813482284546, 0.322787344455719, 3.48402738571167]","[0.08770035207271576, 0.0, 0.3417242169380188]","[0.31381163001060486, 0.10766618698835373, 0.805452287197113]","[1.9987257719039917, 0.32510262727737427, 4.123500347137451]","[0.031100131571292877, 0.011107498779892921, 0.046796295791864395]","[0.1028699278831482, 0.013042794540524483, 0.2199438363313675]","[0.027784159407019615, 0.010452426970005035, 0.0868033841252327]","[0.21796128153800964, 0.006851478945463896, 1.5555121898651123]","[0.07458574324846268, 0.018456580117344856, 0.15522287786006927]","[0.05874088779091835, 0.022318439558148384, 0.15616253018379211]","[0.1381879597902298, 0.028772613033652306, 0.38933947682380676]","[0.16382218897342682, 0.005702530033886433, 0.35164186358451843]","[0.05083377659320831, 0.0, 0.13165350258350372]","[0.03331192582845688, 0.0, 0.14306235313415527]","[0.025270607322454453, 0.0, 0.10306791216135025]","[0.11862164735794067, 0.02571428380906582, 0.3282811939716339]","[0.09754279255867004, 0.006000983063131571, 0.3085438311100006]","[0.6759164929389954, 0.007647546473890543, 1.849802851676941]","[0.043105728924274445, 0.0, 0.11498762667179108]","[0.4851270616054535, 0.08347143977880478, 1.1586577892303467]","[0.7521890997886658, 0.1972791701555252, 2.238028049468994]","[0.01937784254550934, 0.0, 0.05240383371710777]","[0.08771556615829468, 0.0024737881030887365, 0.3797667622566223]","[0.21545657515525818, 0.017741559073328972, 0.8877667188644409]","[0.08883686363697052, 0.0043636769987642765, 0.21896497905254364]"
"[8.880045890808105, 5.182910442352295, 14.181838989257812]","[2.1957218647003174, 0.4598431885242462, 4.877440929412842]","[3.720620632171631, 1.7407853603363037, 6.280296802520752]","[12.809259414672852, 6.786096096038818, 19.8653621673584]","[4.494877815246582, 4.35261869430542, 4.846294403076172]","[5.636062145233154, 3.5551130771636963, 8.497163772583008]","[4.09518575668335, 2.262570381164551, 7.156984806060791]","[4.340019226074219, 3.1037824153900146, 5.186039447784424]","[0.41075897216796875, 0.25966858863830566, 0.5857142210006714]","[6.599701881408691, 4.650874137878418, 10.731907844543457]","[2.8682680130004883, 1.1815742254257202, 6.347762584686279]","[2.280748128890991, 0.9436244964599609, 5.1604719161987305]","[0.7280805706977844, 0.25954708456993103, 1.5374910831451416]","[1.1469924449920654, 0.32741132378578186, 3.3380935192108154]","[0.6198088526725769, 0.21032355725765228, 1.4207741022109985]","[4.265961647033691, 1.5560970306396484, 7.467800617218018]","[4.469411849975586, 3.117353916168213, 7.135003566741943]","[4.134127140045166, 1.3762099742889404, 10.985997200012207]","[0.7868923544883728, 0.2745204567909241, 1.6242607831954956]","[2.6353819370269775, 1.5739109516143799, 3.689011335372925]","[6.34260368347168, 3.5858633518218994, 9.549375534057617]","[2.0292253494262695, 0.4379217326641083, 5.2408318519592285]","[4.108656406402588, 2.5761313438415527, 6.154643535614014]","[4.6530046463012695, 1.9985002279281616, 10.718335151672363]","[0.8183373808860779, 0.2896142899990082, 1.947053074836731]"
"[2.1102020740509033, 0.10113726556301117, 13.144768714904785]","[0.026998188346624374, 0.0, 0.38135308027267456]","[0.47412431240081787, 0.0910520926117897, 0.8891315460205078]","[0.44432586431503296, 0.10042420774698257, 1.9502798318862915]","[0.47222718596458435, 0.21605832874774933, 0.7477394342422485]","[2.7664363384246826, 0.8425808548927307, 5.511050224304199]","[0.050224218517541885, 0.0011246270732954144, 0.19673801958560944]","[1.1719948053359985, 0.24293431639671326, 4.3623223304748535]","[0.008309985511004925, 0.0028571428265422583, 0.017084265127778053]","[2.2696642875671387, 0.9309200644493103, 4.333898544311523]","[0.16999754309654236, 0.04872898384928703, 0.409164696931839]","[0.1310121715068817, 0.01692817360162735, 0.4364601969718933]","[0.01617402397096157, 0.0, 0.08058900386095047]","[0.04843972995877266, 0.0, 0.29220542311668396]","[0.029205644503235817, 0.002142857061699033, 0.12484879046678543]","[0.20693816244602203, 0.038609154522418976, 0.4218614101409912]","[2.2154159545898438, 1.0952593088150024, 3.709699869155884]","[0.8964177370071411, 0.11736229807138443, 2.377869129180908]","[0.017451677471399307, 0.0, 0.12771673500537872]","[0.357771635055542, 0.07254554331302643, 0.8869937062263489]","[0.11774520576000214, 0.06412441283464432, 0.3199060261249542]","[0.009268276393413544, 0.0, 0.03415213152766228]","[1.485121488571167, 0.4383646845817566, 4.9747090339660645]","[0.08305870741605759, 0.007655247114598751, 0.19194211065769196]","[0.009298605844378471, 0.0, 0.06556196510791779]"
"[0.2623195946216583, 0.0, 1.319921851158142]","[0.0022719530388712883, 0.0, 0.025001471862196922]","[1.9814709424972534, 0.013768693432211876, 4.591378688812256]","[0.22651518881320953, 0.0, 1.983766794204712]","[0.01642102748155594, 0.0013047914253547788, 0.04118708521127701]","[0.2620479166507721, 0.07059931755065918, 1.2663384675979614]","[0.003300315700471401, 0.0, 0.013661625795066357]","[0.22766783833503723, 0.004285714123398066, 0.8308901786804199]","[0.014398057945072651, 0.0, 0.04615014046430588]","[0.09756487607955933, 0.00018864453886635602, 0.36747780442237854]","[0.12086380273103714, 0.00023402008810080588, 0.9891142249107361]","[0.07252813130617142, 0.017471926286816597, 0.312744677066803]","[0.008884336799383163, 0.0, 0.04516245052218437]","[0.0035344415809959173, 0.0, 0.022389782592654228]","[0.007123318966478109, 0.0, 0.04208981990814209]","[0.041093859821558, 0.0, 0.3102707862854004]","[0.5315175652503967, 0.012345484457910061, 2.8999011516571045]","[1.5480904579162598, 0.0, 5.411589622497559]","[0.00673278234899044, 0.0, 0.0327443964779377]","[1.5723873376846313, 0.24331378936767578, 3.739093780517578]","[0.040349483489990234, 0.0, 0.40074458718299866]","[0.0006422746228054166, 0.0, 0.007761614862829447]","[1.6689538955688477, 0.03386526182293892, 3.935117483139038]","[0.004684322979301214, 0.0, 0.04674398526549339]","[0.0006737122312188148, 0.0, 0.0038770854007452726]"
"[0.33167409896850586, 0.0010952429147437215, 1.8313229084014893]","[0.026319721713662148, 0.0, 0.3819863498210907]","[1.5748882293701172, 0.31885260343551636, 5.005565643310547]","[0.16844019293785095, 0.0030082070734351873, 0.4792468547821045]","[3.6058971881866455, 2.3826496601104736, 5.1417059898376465]","[6.394889831542969, 0.35413429141044617, 17.611291885375977]","[1.6976627111434937, 0.43123859167099, 2.6228373050689697]","[1.3061964511871338, 0.0007337970891967416, 6.262216091156006]","[0.75412517786026, 0.06568093597888947, 1.3992911577224731]","[7.04724645614624, 4.793830871582031, 9.653594017028809]","[0.9877616763114929, 0.19574153423309326, 3.179882764816284]","[2.413299083709717, 0.8091095685958862, 3.3632168769836426]","[2.859907388687134, 0.6940067410469055, 9.077527046203613]","[0.2914034426212311, 0.0, 1.8525011539459229]","[0.618788480758667, 0.0, 3.824934244155884]","[0.3999548554420471, 0.06594481319189072, 0.870378315448761]","[6.0321455001831055, 1.0164551734924316, 19.01015281677246]","[0.3198355734348297, 0.0, 2.0466785430908203]","[1.322983980178833, 0.0, 4.044078826904297]","[2.6412785053253174, 0.6013222336769104, 4.820082187652588]","[0.15987367928028107, 0.0, 0.7191209197044373]","[0.03212330490350723, 0.0, 0.14738890528678894]","[3.992732286453247, 0.7653794884681702, 6.660930156707764]","[0.15291047096252441, 0.0, 1.4128239154815674]","[0.7057657837867737, 0.0, 2.5913941860198975]"
"[0.004345271736383438, 0.0, 0.021656999364495277]","[0.004290976095944643, 0.0, 0.20228154957294464]","[0.15684229135513306, 0.0, 1.0803889036178589]","[0.005664832424372435, 0.0, 0.023987947031855583]","[0.19559818506240845, 0.059156619012355804, 0.2965497374534607]","[0.3318486511707306, 0.05449569225311279, 1.0718553066253662]","[0.02615681104362011, 0.0, 0.14560820162296295]","[0.0037840306758880615, 0.0, 0.036236222833395004]","[0.015783561393618584, 0.0, 0.04902699962258339]","[0.25258156657218933, 0.010466540232300758, 0.5908687710762024]","[0.022188488394021988, 0.0, 0.15233418345451355]","[0.014929748140275478, 0.0, 0.05398790165781975]","[0.0001298701245104894, 0.0, 0.0014285714132711291]","[0.0, 0.0, 0.0]","[0.0, 0.0, 0.0]","[0.028256982564926147, 0.0, 0.3875812888145447]","[0.043102096766233444, 0.0005020078388042748, 0.2509724199771881]","[0.010269279591739178, 0.0, 0.22667863965034485]","[0.0, 0.0, 0.0]","[0.4581575393676758, 0.08510135114192963, 1.1911569833755493]","[0.006139012519270182, 0.0, 0.12043686956167221]","[0.001688460004515946, 0.0, 0.01764783076941967]","[0.16480356454849243, 0.0, 0.5080904364585876]","[0.011058063246309757, 0.0, 0.2432773858308792]","[0.0, 0.0, 0.0]"
"[8.10901165008545, 4.753353595733643, 12.585624694824219]","[7.262118339538574, 2.63010573387146, 16.045129776000977]","[12.656692504882812, 8.375067710876465, 17.4886531829834]","[5.0061869621276855, 2.6008219718933105, 6.709228038787842]","[27.933853149414062, 25.79452133178711, 30.52705955505371]","[14.392867088317871, 9.527654647827148, 17.593387603759766]","[25.50142478942871, 22.793468475341797, 30.63423728942871]","[10.022472381591797, 5.8960394859313965, 13.126983642578125]","[0.5824137330055237, 0.401895135641098, 0.7738250494003296]","[22.93117332458496, 16.817617416381836, 27.601980209350586]","[13.446035385131836, 9.156957626342773, 24.2011661529541]","[21.249177932739258, 15.140093803405762, 27.39119529724121]","[2.3005118370056152, 0.5673128366470337, 4.457113742828369]","[14.665867805480957, 5.890572547912598, 29.282129287719727]","[8.981738090515137, 2.793569803237915, 17.012271881103516]","[12.149209976196289, 7.188443660736084, 18.22044563293457]","[11.937860488891602, 8.79020881652832, 20.114953994750977]","[11.698583602905273, 5.174461364746094, 19.842161178588867]","[3.5135557651519775, 1.7374649047851562, 5.550375938415527]","[15.046309471130371, 11.028039932250977, 20.874069213867188]","[6.811612606048584, 2.9077188968658447, 14.786364555358887]","[15.73807144165039, 9.935914993286133, 26.5352725982666]","[19.16362190246582, 14.468114852905273, 25.82210922241211]","[3.0380210876464844, 1.4912444353103638, 5.061667442321777]","[3.743687868118286, 2.689250946044922, 4.8197479248046875]"
"[0.7074040770530701, 0.10145514458417892, 1.5023859739303589]","[0.4624890983104706, 0.0, 1.472348928451538]","[1.1329915523529053, 0.24867703020572662, 2.5601253509521484]","[0.4240441918373108, 0.04273628443479538, 1.7360029220581055]","[17.937551498413086, 9.9157075881958, 24.610164642333984]","[18.709821701049805, 8.94448184967041, 28.579288482666016]","[8.195902824401855, 4.293591499328613, 14.11181926727295]","[1.2990541458129883, 0.6858506798744202, 3.4204165935516357]","[0.17146305739879608, 0.057270295917987823, 0.28218355774879456]","[21.097122192382812, 17.183380126953125, 26.13223648071289]","[1.2568283081054688, 0.25109463930130005, 4.296607494354248]","[7.215113162994385, 3.1019701957702637, 16.140869140625]","[0.14997579157352448, 0.033854302018880844, 0.38000985980033875]","[0.8138226866722107, 0.07550191879272461, 3.5249993801116943]","[0.1358940452337265, 0.0045772395096719265, 0.30865171551704407]","[0.8686386942863464, 0.21927988529205322, 1.740356206893921]","[5.949670791625977, 1.7569711208343506, 16.216035842895508]","[0.9058609008789062, 0.31692108511924744, 1.7602485418319702]","[0.2445768117904663, 0.0, 0.7077092528343201]","[3.18450665473938, 0.9648051857948303, 7.600808143615723]","[0.9335232377052307, 0.01178522128611803, 8.342384338378906]","[0.5748360753059387, 0.039066165685653687, 2.7078192234039307]","[9.283785820007324, 1.6889837980270386, 22.673635482788086]","[0.042723704129457474, 0.0, 0.12417995929718018]","[0.16200296580791473, 0.0, 0.5772135853767395]"
"[16.56287956237793, 9.3490629196167, 27.607820510864258]","[6.241299629211426, 2.2710087299346924, 15.996192932128906]","[14.506041526794434, 9.484045028686523, 22.68919563293457]","[10.965828895568848, 4.980066776275635, 18.74116325378418]","[13.31977367401123, 11.710286140441895, 15.324849128723145]","[13.262444496154785, 10.228212356567383, 17.40354347229004]","[12.536972999572754, 8.798649787902832, 16.069223403930664]","[11.695823669433594, 8.938822746276855, 15.648015022277832]","[1.6332526206970215, 1.242525339126587, 1.9513500928878784]","[13.714902877807617, 10.352347373962402, 17.142282485961914]","[11.37592887878418, 8.597084999084473, 14.29229736328125]","[16.490421295166016, 11.589311599731445, 19.873897552490234]","[1.5586241483688354, 0.8958181738853455, 2.380107879638672]","[11.537696838378906, 6.341723442077637, 19.609472274780273]","[3.655797004699707, 1.0154725313186646, 8.44184684753418]","[9.326338768005371, 6.597471714019775, 12.622148513793945]","[11.811239242553711, 8.884115219116211, 15.947916984558105]","[13.819117546081543, 9.522625923156738, 20.778108596801758]","[3.0679123401641846, 1.8543685674667358, 5.223470211029053]","[14.540291786193848, 9.749771118164062, 23.848630905151367]","[7.041858673095703, 4.613396644592285, 9.52845287322998]","[8.809847831726074, 4.243489742279053, 19.363187789916992]","[15.939349174499512, 11.503026962280273, 22.483675003051758]","[4.534061431884766, 2.3772242069244385, 6.462765216827393]","[6.847105503082275, 2.6895391941070557, 15.006712913513184]"
"[6.802565097808838, 2.6247406005859375, 13.169180870056152]","[3.925494432449341, 0.6737689971923828, 16.066179275512695]","[9.36380672454834, 3.086393356323242, 16.748775482177734]","[4.223479270935059, 2.0353097915649414, 5.988133907318115]","[23.23108673095703, 20.71009635925293, 26.248037338256836]","[9.503852844238281, 3.1528255939483643, 15.490527153015137]","[22.640249252319336, 18.826391220092773, 26.631839752197266]","[11.179874420166016, 6.549578666687012, 16.00419044494629]","[0.47640669345855713, 0.15197540819644928, 1.0094937086105347]","[19.988924026489258, 15.252683639526367, 24.666488647460938]","[11.625929832458496, 5.504692077636719, 20.84574317932129]","[24.354610443115234, 18.39902687072754, 29.599010467529297]","[0.24391798675060272, 0.012805785052478313, 0.6899569630622864]","[12.89141845703125, 4.260601997375488, 28.469213485717773]","[2.060452461242676, 0.811191737651825, 3.532526731491089]","[7.179695129394531, 3.957526445388794, 11.577291488647461]","[11.303238868713379, 4.156124114990234, 19.79304313659668]","[11.223474502563477, 3.6658637523651123, 24.90648078918457]","[1.0089409351348877, 0.048439327627420425, 15.404715538024902]","[13.563209533691406, 7.4462480545043945, 24.647130966186523]","[3.0535640716552734, 1.7970017194747925, 5.878003120422363]","[7.5007123947143555, 4.434284210205078, 16.443431854248047]","[16.88872718811035, 11.525033950805664, 24.65480613708496]","[2.7701456546783447, 0.533638060092926, 6.615081787109375]","[0.8038622140884399, 0.35454368591308594, 2.8439669609069824]"
"[0.14434747397899628, 0.0, 1.868643879890442]","[0.7808333039283752, 0.0025831947568804026, 6.412325859069824]","[0.49155136942863464, 0.0, 2.2491402626037598]","[0.08787260949611664, 0.0, 0.5587835907936096]","[1.3946971893310547, 0.7645014524459839, 2.1529955863952637]","[3.307137966156006, 0.7061723470687866, 7.064387321472168]","[0.7394745945930481, 0.2840002775192261, 1.4471819400787354]","[0.3430061936378479, 0.034985385835170746, 3.162670373916626]","[0.06605200469493866, 0.034272972494363785, 0.13940492272377014]","[2.5073599815368652, 0.8684850335121155, 4.534202575683594]","[0.3172270953655243, 0.004285714123398066, 1.5242301225662231]","[0.7956597208976746, 0.07204306870698929, 2.6975414752960205]","[0.015906916931271553, 0.0, 0.040708690881729126]","[0.669876217842102, 0.0002986003237310797, 3.0481035709381104]","[0.9089809060096741, 0.0780191570520401, 2.1954803466796875]","[1.1989532709121704, 0.038113195449113846, 2.741136312484741]","[2.093658685684204, 0.13264860212802887, 5.498216152191162]","[0.8272160887718201, 0.0, 5.813394069671631]","[0.6971303820610046, 0.0, 6.02909517288208]","[0.6078280806541443, 0.06881505995988846, 1.6041151285171509]","[0.8899356722831726, 0.028778260573744774, 2.602783441543579]","[1.156076192855835, 0.12915447354316711, 4.161655902862549]","[2.7607266902923584, 0.8438077569007874, 7.698071479797363]","[0.06402601301670074, 0.0, 0.36065077781677246]","[3.15765118598938, 0.11443894356489182, 7.858603000640869]"
"[11.201866149902344, 2.9192700386047363, 20.243192672729492]","[17.130537033081055, 5.0260491371154785, 32.95549392700195]","[14.612069129943848, 11.537970542907715, 20.89133644104004]","[12.512072563171387, 7.95287561416626, 22.48580551147461]","[11.685592651367188, 3.5968947410583496, 21.868436813354492]","[5.381899356842041, 0.806723415851593, 14.426102638244629]","[5.667487621307373, 1.5335798263549805, 13.107199668884277]","[4.222357749938965, 1.0808253288269043, 11.137266159057617]","[7.446979522705078, 4.692451477050781, 14.08920955657959]","[7.493651390075684, 2.431640863418579, 15.763313293457031]","[20.686294555664062, 15.524897575378418, 26.721586227416992]","[22.043338775634766, 16.862903594970703, 32.185787200927734]","[14.397248268127441, 7.460621356964111, 24.21550941467285]","[22.24066925048828, 2.835845708847046, 40.870460510253906]","[8.954719543457031, 0.5827143788337708, 23.034595489501953]","[23.604080200195312, 19.21822166442871, 30.69485092163086]","[7.790070056915283, 0.37400880455970764, 18.625972747802734]","[10.88146686553955, 4.831566333770752, 17.030643463134766]","[15.649304389953613, 8.935263633728027, 24.48194694519043]","[16.83563995361328, 13.242910385131836, 20.399093627929688]","[17.15935516357422, 9.887011528015137, 25.13240623474121]","[6.859004497528076, 1.759297490119934, 18.4278507232666]","[19.958498001098633, 12.867563247680664, 33.82876205444336]","[8.145299911499023, 5.0597991943359375, 12.255937576293945]","[16.502046585083008, 8.244975090026855, 24.229034423828125]"
"[6.691150665283203, 2.2260711193084717, 12.212586402893066]","[6.2216691970825195, 0.8443039059638977, 14.847155570983887]","[6.284817695617676, 3.53887939453125, 9.866796493530273]","[5.075446605682373, 3.7281863689422607, 6.8692240715026855]","[9.774540901184082, 8.943889617919922, 11.89892578125]","[14.401262283325195, 10.14015007019043, 23.35736656188965]","[6.439300537109375, 2.4699013233184814, 13.003544807434082]","[4.794705867767334, 1.1861941814422607, 12.685357093811035]","[1.72896409034729, 0.5832361578941345, 4.164973258972168]","[8.634624481201172, 6.693474769592285, 10.750300407409668]","[5.293088912963867, 2.3598952293395996, 8.160737991333008]","[7.408031463623047, 1.8225975036621094, 16.015207290649414]","[1.6197917461395264, 0.21500995755195618, 3.593606948852539]","[2.596998453140259, 0.30886322259902954, 5.490312099456787]","[2.4261138439178467, 0.44743987917900085, 4.702917575836182]","[7.5017499923706055, 3.6384072303771973, 12.927664756774902]","[14.03274154663086, 7.461106777191162, 26.409774780273438]","[7.30765438079834, 1.4391502141952515, 17.53766632080078]","[6.549156188964844, 2.146895170211792, 13.791345596313477]","[6.5978922843933105, 3.5748486518859863, 9.431355476379395]","[8.416780471801758, 5.991359233856201, 12.730398178100586]","[1.3089734315872192, 0.10831676423549652, 3.875548839569092]","[10.290532112121582, 7.139477252960205, 16.340721130371094]","[7.659486293792725, 3.0586845874786377, 13.629631042480469]","[6.763617515563965, 3.921825647354126, 13.448797225952148]"
"[7.372372150421143, 2.1800198554992676, 16.491697311401367]","[2.820693016052246, 0.8702027201652527, 10.613465309143066]","[8.122690200805664, 3.1270639896392822, 13.735917091369629]","[4.552823543548584, 2.451195478439331, 10.221176147460938]","[20.057464599609375, 13.276188850402832, 28.835430145263672]","[14.271065711975098, 6.688632011413574, 20.20735740661621]","[12.044968605041504, 4.42395544052124, 24.675500869750977]","[4.942188262939453, 1.813791275024414, 13.286503791809082]","[1.2232356071472168, 0.7394551038742065, 2.375328302383423]","[16.311124801635742, 10.195626258850098, 27.80286979675293]","[3.3032283782958984, 0.8656483292579651, 10.967657089233398]","[7.018280506134033, 1.9177790880203247, 13.86245059967041]","[0.7714687585830688, 0.22727586328983307, 2.1010828018188477]","[2.0679023265838623, 0.16747751832008362, 7.838162422180176]","[0.6553230285644531, 0.14243529736995697, 2.195040702819824]","[1.4822238683700562, 0.3133988380432129, 3.0126430988311768]","[6.9141845703125, 3.1665608882904053, 9.873017311096191]","[12.056602478027344, 5.014858722686768, 22.075241088867188]","[3.121798038482666, 0.7299782037734985, 6.649104595184326]","[7.713425159454346, 3.6592578887939453, 19.438289642333984]","[5.412118911743164, 2.2618162631988525, 8.540811538696289]","[2.1227269172668457, 0.32252249121665955, 10.273789405822754]","[7.791333198547363, 4.5930495262146, 11.587445259094238]","[6.1491289138793945, 2.6386280059814453, 12.133429527282715]","[2.5911877155303955, 1.4295148849487305, 3.749427318572998]"
"[4.522195816040039, 1.293955683708191, 7.867164611816406]","[12.143980979919434, 3.08874249458313, 30.628509521484375]","[12.504895210266113, 6.646640777587891, 24.90594482421875]","[1.4264963865280151, 0.6877322196960449, 2.455718755722046]","[30.356340408325195, 25.001375198364258, 37.61662673950195]","[30.413122177124023, 21.959957122802734, 48.314449310302734]","[27.802064895629883, 20.8915958404541, 40.677268981933594]","[7.158580780029297, 2.0103888511657715, 22.872953414916992]","[3.0232722759246826, 2.229522228240967, 4.183044910430908]","[34.81117248535156, 23.72317886352539, 49.574951171875]","[14.909417152404785, 6.204039096832275, 30.619882583618164]","[36.274356842041016, 22.04254722595215, 52.0242805480957]","[12.583108901977539, 4.949264049530029, 27.705842971801758]","[21.164480209350586, 10.068037986755371, 39.25947189331055]","[18.141332626342773, 2.328974962234497, 37.64298629760742]","[14.858675956726074, 8.422286033630371, 21.31683921813965]","[22.15531349182129, 9.903176307678223, 37.3602180480957]","[11.946365356445312, 1.630706787109375, 25.053369522094727]","[14.856853485107422, 2.4589526653289795, 39.00377655029297]","[13.827980995178223, 8.753411293029785, 25.61192512512207]","[4.180443286895752, 1.3148993253707886, 10.922101020812988]","[11.23847770690918, 3.7437386512756348, 31.684467315673828]","[24.502981185913086, 14.564088821411133, 45.04644775390625]","[2.979961633682251, 0.6536048650741577, 6.018394947052002]","[19.845659255981445, 4.7581586837768555, 34.58179473876953]"
"[4.377646446228027, 2.14790678024292, 7.6679229736328125]","[10.867914199829102, 4.761558532714844, 22.526676177978516]","[6.075320243835449, 3.635887622833252, 8.579939842224121]","[4.212798595428467, 1.869677186012268, 10.856246948242188]","[35.42982482910156, 28.17646598815918, 42.19977569580078]","[24.140422821044922, 19.81682777404785, 29.292064666748047]","[35.359676361083984, 26.117631912231445, 53.52469253540039]","[6.47723388671875, 4.1496663093566895, 10.33403491973877]","[2.917670488357544, 2.109287977218628, 3.8702151775360107]","[27.152673721313477, 20.52231216430664, 36.202266693115234]","[10.65648078918457, 6.261002540588379, 21.069591522216797]","[31.538846969604492, 18.021833419799805, 54.66473388671875]","[5.420405864715576, 3.6677448749542236, 7.460166931152344]","[24.01701545715332, 11.223434448242188, 34.209651947021484]","[10.3347749710083, 5.631804943084717, 18.504379272460938]","[9.35302734375, 7.092434883117676, 12.204355239868164]","[17.528898239135742, 9.637022018432617, 28.939756393432617]","[5.34173583984375, 3.1338276863098145, 8.331719398498535]","[6.6838788986206055, 2.9985973834991455, 14.643966674804688]","[10.274025917053223, 6.871665954589844, 20.896760940551758]","[6.166550636291504, 4.098026752471924, 9.057244300842285]","[20.416362762451172, 8.630494117736816, 35.217750549316406]","[15.91843032836914, 5.395900249481201, 31.80863380432129]","[3.5448122024536133, 1.3449345827102661, 7.018890857696533]","[10.261765480041504, 4.568379878997803, 20.02625846862793]"
"[3.136265277862549, 0.6112021207809448, 7.977522850036621]","[1.6872638463974, 0.7161884307861328, 2.8585903644561768]","[2.493842124938965, 0.9765051007270813, 4.154201507568359]","[1.7250913381576538, 0.7569004893302917, 3.7201249599456787]","[7.123126029968262, 5.664149284362793, 7.980889320373535]","[4.015011787414551, 0.958771824836731, 6.8814263343811035]","[6.122150897979736, 4.783226490020752, 7.8376874923706055]","[0.9899069666862488, 0.34211328625679016, 1.85824716091156]","[4.1849894523620605, 3.5324857234954834, 4.819212436676025]","[4.860788822174072, 1.637379765510559, 8.583765029907227]","[2.3572211265563965, 1.021832823753357, 4.960927486419678]","[6.1746602058410645, 4.184187412261963, 8.734625816345215]","[1.6924710273742676, 0.9614041447639465, 3.9235661029815674]","[2.8704726696014404, 1.164793848991394, 6.463633060455322]","[1.5705190896987915, 1.1057535409927368, 2.0957677364349365]","[1.2534903287887573, 0.5791917443275452, 3.1053664684295654]","[0.9641439318656921, 0.27307748794555664, 2.3718409538269043]","[2.9465811252593994, 0.6965904235839844, 6.756661415100098]","[1.4052728414535522, 0.81917804479599, 2.103057384490967]","[3.8818225860595703, 1.9965182542800903, 5.926495552062988]","[1.2162307500839233, 0.398709774017334, 1.855126976966858]","[2.763148546218872, 1.1134798526763916, 6.653910160064697]","[2.2019009590148926, 0.8415012955665588, 6.173316955566406]","[2.532503128051758, 0.9408138990402222, 4.525268077850342]","[1.6075553894042969, 1.1585060358047485, 2.0348939895629883]"
"[1.982452154159546, 1.2007921934127808, 3.5022451877593994]","[1.5264477729797363, 0.54143887758255, 4.589409828186035]","[3.3146164417266846, 1.7573739290237427, 7.896889686584473]","[1.4311965703964233, 0.6500881314277649, 2.8640568256378174]","[13.212693214416504, 9.887299537658691, 19.549083709716797]","[9.275423049926758, 7.3814592361450195, 12.922365188598633]","[13.078911781311035, 9.548492431640625, 18.79152488708496]","[5.630903244018555, 2.094223976135254, 10.897923469543457]","[6.328497886657715, 4.40742301940918, 10.11467170715332]","[13.794380187988281, 8.819697380065918, 20.35456657409668]","[5.952981472015381, 2.671699285507202, 14.055235862731934]","[12.642024040222168, 9.731880187988281, 17.290203094482422]","[3.475186824798584, 1.362243890762329, 6.837403297424316]","[6.796449184417725, 1.8828184604644775, 13.023465156555176]","[1.5252152681350708, 0.6832538843154907, 2.207581043243408]","[2.6201772689819336, 1.2189165353775024, 3.587006092071533]","[7.930091857910156, 6.654829502105713, 10.423209190368652]","[2.5218863487243652, 1.165709137916565, 9.268486976623535]","[1.0504759550094604, 0.5413874387741089, 1.9549033641815186]","[8.559805870056152, 3.702383518218994, 14.696824073791504]","[1.1587140560150146, 0.5673359632492065, 1.8106582164764404]","[6.2480692863464355, 1.9659512042999268, 11.490559577941895]","[9.662413597106934, 4.049089431762695, 20.45475959777832]","[0.9417492151260376, 0.6515669226646423, 1.8493785858154297]","[0.7520872950553894, 0.4533190131187439, 1.9332935810089111]"
"[1.1454776525497437, 0.029791394248604774, 5.38238000869751]","[1.102124810218811, 0.18052656948566437, 2.343846082687378]","[2.220400810241699, 0.7607070207595825, 5.1271491050720215]","[0.2173352837562561, 0.020634520798921585, 1.0133541822433472]","[14.063150405883789, 10.686589241027832, 17.17526626586914]","[4.305567264556885, 2.1700503826141357, 7.684445858001709]","[12.437907218933105, 5.88191556930542, 18.976459503173828]","[0.27312368154525757, 0.026100262999534607, 1.3832372426986694]","[0.3684554398059845, 0.10827875882387161, 0.8250159621238708]","[11.942320823669434, 8.681181907653809, 15.954391479492188]","[2.339564085006714, 1.0816789865493774, 3.497330904006958]","[4.661929607391357, 2.4469590187072754, 8.609641075134277]","[3.0254666805267334, 1.0945991277694702, 5.7457098960876465]","[4.1479058265686035, 0.3573230803012848, 16.761545181274414]","[1.692720890045166, 0.6358728408813477, 5.097595691680908]","[1.5969094038009644, 0.7816551327705383, 2.45577073097229]","[1.9008393287658691, 0.3088913559913635, 3.9410083293914795]","[1.1104693412780762, 0.1325577050447464, 4.213073253631592]","[2.618682861328125, 0.1251763552427292, 7.719837188720703]","[1.57265043258667, 0.6764127016067505, 4.1670145988464355]","[1.0943434238433838, 0.4457704424858093, 2.105224370956421]","[4.097247123718262, 0.47278422117233276, 10.174688339233398]","[3.2462151050567627, 0.08470718562602997, 10.453238487243652]","[0.41773995757102966, 0.029170740395784378, 1.4659745693206787]","[1.8891175985336304, 0.9163232445716858, 3.4360978603363037]"
"[2.801556348800659, 0.19179247319698334, 5.535191535949707]","[1.2543964385986328, 0.6051462292671204, 2.6455554962158203]","[3.89985728263855, 2.6946582794189453, 5.705197811126709]","[2.501713752746582, 0.7235856056213379, 6.063790321350098]","[8.838150024414062, 7.838131427764893, 9.354695320129395]","[7.188979148864746, 5.118990421295166, 9.823197364807129]","[11.178948402404785, 7.641933441162109, 13.433018684387207]","[2.4538638591766357, 0.7342426180839539, 5.9903106689453125]","[3.2185678482055664, 2.307124376296997, 5.054920196533203]","[7.337426662445068, 4.653711795806885, 10.111247062683105]","[5.047152042388916, 2.969837188720703, 9.929258346557617]","[9.792882919311523, 6.694509029388428, 13.149521827697754]","[3.3141520023345947, 2.347195863723755, 4.5679612159729]","[4.636411190032959, 0.9759564995765686, 10.982468605041504]","[4.447908401489258, 1.6352461576461792, 9.073769569396973]","[2.767124652862549, 0.7442497611045837, 5.7125654220581055]","[6.540534973144531, 2.6706156730651855, 11.840246200561523]","[3.6852734088897705, 1.1272910833358765, 6.578047752380371]","[3.3497722148895264, 1.5147470235824585, 8.507036209106445]","[5.7409515380859375, 2.433271884918213, 11.866193771362305]","[1.2940133810043335, 0.5044043660163879, 2.11576509475708]","[2.2130565643310547, 0.5040397047996521, 6.377236366271973]","[3.855771064758301, 1.4602231979370117, 8.024918556213379]","[2.8187661170959473, 1.5713683366775513, 4.861886024475098]","[2.8854126930236816, 1.3416693210601807, 5.98336124420166]"
"[0.019296761602163315, 0.0, 0.07774267345666885]","[0.09250611811876297, 0.01910647563636303, 0.32208484411239624]","[0.5623012781143188, 0.0, 2.7010295391082764]","[0.07681997120380402, 0.0076976316049695015, 0.29914590716362]","[3.1649298667907715, 2.594506025314331, 3.706298351287842]","[2.7033941745758057, 1.3654762506484985, 3.985609769821167]","[3.2682485580444336, 2.5900344848632812, 4.7637176513671875]","[0.17100593447685242, 0.0034988797269761562, 1.4167559146881104]","[6.004804611206055, 2.6348941326141357, 9.042078018188477]","[3.037609577178955, 2.2744007110595703, 4.972412109375]","[0.8618294596672058, 0.18322625756263733, 2.349313735961914]","[3.891359806060791, 2.68680739402771, 5.88277530670166]","[1.3842145204544067, 0.7527852654457092, 4.2795281410217285]","[0.792770504951477, 0.08792444318532944, 4.052842617034912]","[0.55170738697052, 0.2026354968547821, 1.2869617938995361]","[0.4676400125026703, 0.022736655548214912, 1.1370044946670532]","[1.3207755088806152, 0.10170940309762955, 3.814180850982666]","[0.18762482702732086, 0.0, 1.2821788787841797]","[1.166015386581421, 0.8013218641281128, 1.675417184829712]","[1.2869054079055786, 0.211569681763649, 4.657057285308838]","[0.21857956051826477, 0.027093777433037758, 0.4755702018737793]","[0.5064758658409119, 0.09581934660673141, 2.439617872238159]","[2.1922855377197266, 0.47873514890670776, 5.238946437835693]","[0.10457853972911835, 0.04131698980927467, 0.40649181604385376]","[0.3843080401420593, 0.11803995072841644, 1.0066053867340088]"
"[1.077639102935791, 0.016187826171517372, 3.2998008728027344]","[0.294093519449234, 0.0088508827611804, 0.715308666229248]","[0.48879748582839966, 0.19559741020202637, 0.9633832573890686]","[1.1776803731918335, 0.09983869642019272, 2.815976619720459]","[1.00118088722229, 0.6112173795700073, 1.3244335651397705]","[1.567242980003357, 0.9619048237800598, 2.4773807525634766]","[1.5962138175964355, 0.507756233215332, 5.024269104003906]","[0.1659119427204132, 0.01693538948893547, 0.5703369379043579]","[0.3438132405281067, 0.2401317059993744, 0.41909676790237427]","[1.2114888429641724, 0.6704145073890686, 2.606104612350464]","[0.8020920157432556, 0.3713189661502838, 1.6505863666534424]","[0.9201405644416809, 0.5349975824356079, 1.4127777814865112]","[0.15735378861427307, 0.06994213908910751, 0.2615950405597687]","[0.5033532381057739, 0.004761066287755966, 2.1698241233825684]","[0.7170180082321167, 0.31809765100479126, 1.300018072128296]","[0.36977046728134155, 0.04870617389678955, 0.8497692346572876]","[1.1406277418136597, 0.16580314934253693, 3.199012517929077]","[0.5600152015686035, 0.020927924662828445, 3.477407693862915]","[0.4601339101791382, 0.10991727560758591, 1.0568270683288574]","[0.6968565583229065, 0.41462379693984985, 1.1603697538375854]","[0.17500875890254974, 0.030671965330839157, 0.567435085773468]","[0.3915037512779236, 0.008232778869569302, 2.996016025543213]","[0.5054227709770203, 0.0066226087510585785, 2.063804864883423]","[0.4748642146587372, 0.07652747631072998, 1.5004816055297852]","[0.5495676398277283, 0.16920946538448334, 1.3952159881591797]"
"[0.9382055401802063, 0.15678565204143524, 3.261664867401123]","[0.5887988805770874, 0.05573594942688942, 1.8946714401245117]","[0.9183465838432312, 0.30874988436698914, 2.064788818359375]","[1.6139166355133057, 0.492770254611969, 3.58667254447937]","[3.20835542678833, 2.219355344772339, 3.906250476837158]","[6.922189235687256, 3.1083786487579346, 9.2908353805542]","[1.8529987335205078, 1.142806053161621, 3.145718812942505]","[2.335813522338867, 0.0992143377661705, 7.7155938148498535]","[2.166466474533081, 1.7980268001556396, 2.714320421218872]","[5.627399921417236, 3.5563721656799316, 9.536406517028809]","[0.9526340961456299, 0.5987261533737183, 1.5205440521240234]","[1.1476895809173584, 0.6575475335121155, 1.8332712650299072]","[0.5068901181221008, 0.2195012867450714, 1.5759484767913818]","[0.7306600213050842, 0.2638580799102783, 1.2296360731124878]","[0.5441440939903259, 0.1778087466955185, 0.9869898557662964]","[0.8287279009819031, 0.48350340127944946, 1.5529485940933228]","[5.046740531921387, 2.8827011585235596, 7.46999979019165]","[0.6053116321563721, 0.06893031299114227, 1.4218586683273315]","[0.5022902488708496, 0.310221403837204, 1.0777555704116821]","[0.848840057849884, 0.4941253066062927, 1.1817378997802734]","[1.6899946928024292, 0.7126990556716919, 3.574568510055542]","[0.4309135377407074, 0.11661909520626068, 1.2375409603118896]","[1.5456851720809937, 0.25163254141807556, 8.200591087341309]","[1.2517729997634888, 0.6942216753959656, 1.7222329378128052]","[0.8649829030036926, 0.19937586784362793, 1.2619181871414185]"
"[3.4886608123779297, 0.3383270800113678, 8.17440128326416]","[4.442750930786133, 0.9622407555580139, 15.746231079101562]","[5.955386638641357, 3.088026285171509, 10.5907564163208]","[2.2689337730407715, 0.5428757667541504, 4.824120998382568]","[10.786702156066895, 8.418251991271973, 13.013236045837402]","[6.250491619110107, 3.810361862182617, 10.15251636505127]","[6.639096736907959, 4.5869598388671875, 10.965788841247559]","[1.2239656448364258, 0.7749558687210083, 2.112712860107422]","[5.510653972625732, 0.41851165890693665, 12.03608226776123]","[7.989078521728516, 5.221970558166504, 10.692054748535156]","[6.904524803161621, 4.262324333190918, 11.70844841003418]","[8.478158950805664, 5.158398628234863, 14.132003784179688]","[5.814579486846924, 1.4094692468643188, 11.846654891967773]","[4.136172771453857, 2.149508237838745, 8.919285774230957]","[5.968050956726074, 0.49353691935539246, 14.15730094909668]","[5.438302516937256, 3.2577741146087646, 8.063310623168945]","[3.0035834312438965, 1.8608766794204712, 4.717093467712402]","[3.6845076084136963, 1.1479955911636353, 13.841028213500977]","[4.332428932189941, 1.1996382474899292, 11.259440422058105]","[7.966669082641602, 5.300547122955322, 13.169577598571777]","[3.5092878341674805, 1.4165207147598267, 9.231794357299805]","[3.4087085723876953, 1.5994676351547241, 7.783633232116699]","[5.54576301574707, 1.5807429552078247, 13.122363090515137]","[2.9377968311309814, 1.080077886581421, 6.490128517150879]","[5.558088779449463, 1.4142568111419678, 15.835958480834961]"
"[4.082253932952881, 2.3092710971832275, 6.003267765045166]","[1.879948377609253, 0.8052365183830261, 5.867755889892578]","[7.3687896728515625, 5.1671671867370605, 10.078760147094727]","[4.209704875946045, 2.6692774295806885, 6.735930442810059]","[6.336393356323242, 5.9615373611450195, 6.711028099060059]","[11.893221855163574, 10.647214889526367, 14.110536575317383]","[4.124314785003662, 2.724684953689575, 6.188230037689209]","[8.799114227294922, 4.709572792053223, 12.946673393249512]","[5.939402103424072, 2.956939697265625, 11.328356742858887]","[8.561094284057617, 7.107581615447998, 11.486173629760742]","[6.849714756011963, 3.278630495071411, 10.161172866821289]","[6.139227867126465, 3.995620012283325, 11.264274597167969]","[2.2841522693634033, 1.3084932565689087, 3.2944278717041016]","[2.2858927249908447, 0.8437504172325134, 5.8675031661987305]","[1.7001657485961914, 0.7809028029441833, 3.1577916145324707]","[3.2037508487701416, 2.2331278324127197, 5.930510520935059]","[11.284915924072266, 9.166730880737305, 13.59179401397705]","[6.084963321685791, 3.5740292072296143, 9.894543647766113]","[2.4093403816223145, 1.4475343227386475, 7.37053918838501]","[9.107816696166992, 6.98384952545166, 10.588601112365723]","[2.827277660369873, 2.124356269836426, 4.275537967681885]","[1.901336669921875, 0.9167487025260925, 3.7757461071014404]","[11.08239459991455, 7.523715496063232, 14.484909057617188]","[3.4532554149627686, 1.8205972909927368, 4.720139980316162]","[3.4086625576019287, 1.0362151861190796, 6.473589897155762]"
"[4.269224166870117, 0.4044780135154724, 13.891230583190918]","[1.9476560354232788, 1.1020561456680298, 6.746363639831543]","[7.920614242553711, 3.4607627391815186, 12.207621574401855]","[3.5434322357177734, 1.45829176902771, 7.5027971267700195]","[2.825026035308838, 2.399399995803833, 3.3618178367614746]","[2.4195926189422607, 1.5645942687988281, 3.5760529041290283]","[2.1297361850738525, 1.4554022550582886, 3.488518238067627]","[2.115522861480713, 0.3716038167476654, 5.153871059417725]","[3.564711570739746, 0.7905369400978088, 8.913424491882324]","[2.3511195182800293, 1.4663971662521362, 3.252619981765747]","[4.687634468078613, 2.146131992340088, 9.355352401733398]","[3.3136017322540283, 1.5209314823150635, 5.341717720031738]","[2.207578659057617, 0.9997357130050659, 3.4470536708831787]","[1.3223284482955933, 0.2644088864326477, 6.009369850158691]","[1.267682671546936, 0.6468534469604492, 1.9623204469680786]","[2.4329590797424316, 0.6741530299186707, 8.27409839630127]","[1.762224555015564, 0.8458499312400818, 3.278008222579956]","[5.899991989135742, 0.569132924079895, 14.826817512512207]","[4.131778717041016, 0.9920367002487183, 12.402913093566895]","[5.381993770599365, 3.4256861209869385, 6.6318745613098145]","[2.6393399238586426, 0.7638479471206665, 7.526337623596191]","[1.2366987466812134, 0.4432504177093506, 2.0013465881347656]","[3.2968740463256836, 2.2376656532287598, 4.392289161682129]","[3.754608392715454, 1.5295379161834717, 7.163590431213379]","[2.201145648956299, 1.2282640933990479, 8.009221076965332]"
"[2.465144395828247, 0.2082224041223526, 6.308424949645996]","[0.15581783652305603, 0.0, 1.454968810081482]","[3.2848317623138428, 0.6416416764259338, 6.528411865234375]","[1.7096065282821655, 0.18835650384426117, 4.436750411987305]","[10.66562271118164, 9.194058418273926, 11.491926193237305]","[6.274204254150391, 4.116013526916504, 9.13390064239502]","[6.758688449859619, 3.6083786487579346, 9.79747486114502]","[1.774017095565796, 0.5456963181495667, 4.3464741706848145]","[2.0099594593048096, 0.061676252633333206, 5.5242486000061035]","[8.255561828613281, 5.085882663726807, 11.361722946166992]","[5.131746292114258, 2.801546096801758, 9.730987548828125]","[8.343947410583496, 3.9813594818115234, 12.023266792297363]","[0.13609345257282257, 0.05509578436613083, 0.20167069137096405]","[1.74990713596344, 0.06764058768749237, 5.4126434326171875]","[0.09414521604776382, 0.01585482992231846, 0.19394373893737793]","[2.4621994495391846, 0.7691544890403748, 5.10958194732666]","[4.45741605758667, 2.5450267791748047, 5.95511531829834]","[1.8079769611358643, 0.01527605950832367, 7.1770405769348145]","[0.06870386004447937, 0.010718016885221004, 0.23274149000644684]","[5.103673458099365, 3.8724637031555176, 7.570742130279541]","[0.8182068467140198, 0.2515469491481781, 2.1877281665802]","[0.9590919017791748, 0.007613020949065685, 5.689072132110596]","[4.942058563232422, 1.3287975788116455, 9.744016647338867]","[0.17382334172725677, 0.06895264238119125, 0.3419921100139618]","[0.02745874412357807, 0.009467373602092266, 0.05191917344927788]"
"[0.5375069379806519, 0.14758171141147614, 1.5565464496612549]","[0.3380111753940582, 0.1403978019952774, 0.8130950927734375]","[0.4435240626335144, 0.12771925330162048, 1.0864428281784058]","[0.4277323782444, 0.10327865928411484, 1.836658239364624]","[0.3685266375541687, 0.21621976792812347, 0.561653733253479]","[0.5018928647041321, 0.07764089852571487, 0.9830134510993958]","[0.6022514700889587, 0.2762722373008728, 0.9363829493522644]","[0.21443167328834534, 0.06926371902227402, 0.4281037449836731]","[0.38292649388313293, 0.16528581082820892, 1.0408668518066406]","[0.8184560537338257, 0.39144372940063477, 2.6770501136779785]","[0.9299423694610596, 0.542221188545227, 1.5913420915603638]","[0.5172296762466431, 0.3579992949962616, 0.6701627373695374]","[0.05383894219994545, 0.007116812746971846, 0.1238260269165039]","[0.266748309135437, 0.07707483321428299, 0.6682587265968323]","[0.17011038959026337, 0.04116631671786308, 0.6500577926635742]","[0.3187575042247772, 0.13042713701725006, 0.9198692440986633]","[0.15976391732692719, 0.05713297054171562, 0.4892987608909607]","[0.5637105107307434, 0.06823836266994476, 1.7130610942840576]","[0.05895804613828659, 0.012011313810944557, 0.14211030304431915]","[0.7761114239692688, 0.3935786187648773, 1.262609601020813]","[0.2081562727689743, 0.08346714824438095, 0.3832368552684784]","[0.3467484712600708, 0.1122281402349472, 0.8199945688247681]","[0.6805793046951294, 0.06730909645557404, 1.4658863544464111]","[0.36217373609542847, 0.13414476811885834, 0.8004958033561707]","[0.1747197061777115, 0.09939064085483551, 0.3117760717868805]"
"[4.635998725891113, 0.8583375215530396, 11.810197830200195]","[1.2315630912780762, 0.3482995331287384, 7.020790100097656]","[4.1672234535217285, 0.8851920366287231, 10.162213325500488]","[5.950582981109619, 2.887214183807373, 9.610502243041992]","[7.4017720222473145, 6.219360828399658, 8.755645751953125]","[5.93963098526001, 3.5059666633605957, 7.363507270812988]","[6.222087860107422, 3.9462239742279053, 9.57213306427002]","[0.9633920788764954, 0.433114230632782, 2.1081604957580566]","[1.2741117477416992, 0.880471408367157, 1.6250640153884888]","[7.6618781089782715, 6.017773628234863, 10.085090637207031]","[7.772862434387207, 4.358066558837891, 10.337470054626465]","[9.927848815917969, 6.136983394622803, 11.703763008117676]","[1.310158133506775, 0.5706537365913391, 2.1925272941589355]","[2.7599036693573, 0.523483395576477, 5.814634799957275]","[1.4687751531600952, 0.6362296938896179, 5.338996887207031]","[4.409306049346924, 1.721161961555481, 7.930793285369873]","[2.9075822830200195, 1.4847878217697144, 5.12775182723999]","[2.4827353954315186, 0.6291441917419434, 8.969675064086914]","[1.6039291620254517, 0.5270265936851501, 3.5253536701202393]","[6.834693908691406, 3.242338180541992, 11.409475326538086]","[2.477437734603882, 0.8719795346260071, 7.0879340171813965]","[1.4955039024353027, 0.24489200115203857, 4.975830554962158]","[5.822990894317627, 1.5231389999389648, 11.172560691833496]","[1.429628610610962, 0.4899883568286896, 3.304973840713501]","[4.0201520919799805, 0.9259704947471619, 7.273378849029541]"
"[3.114840507507324, 1.4094074964523315, 8.276335716247559]","[1.333040714263916, 0.6941810846328735, 2.508934736251831]","[3.6711578369140625, 1.6803643703460693, 5.606906414031982]","[2.5738043785095215, 0.986788809299469, 4.880856037139893]","[2.1295464038848877, 1.900215744972229, 2.3188536167144775]","[2.1678709983825684, 1.4901435375213623, 3.091505289077759]","[2.680924415588379, 1.902327299118042, 3.3479397296905518]","[1.6911190748214722, 1.2568995952606201, 2.200242042541504]","[1.4095125198364258, 0.868690550327301, 1.9146956205368042]","[2.3316409587860107, 1.8098458051681519, 3.2105190753936768]","[2.9757797718048096, 1.4598902463912964, 4.830041408538818]","[3.049528121948242, 1.8380426168441772, 4.334350109100342]","[0.9898479580879211, 0.7607513070106506, 1.4152504205703735]","[1.2114806175231934, 0.44197219610214233, 2.2379074096679688]","[1.4510551691055298, 0.932693600654602, 2.2579944133758545]","[1.7161648273468018, 1.197098731994629, 2.390745162963867]","[2.155761480331421, 1.6756752729415894, 3.086632251739502]","[3.1611580848693848, 1.3656730651855469, 6.094903469085693]","[1.0422163009643555, 0.6805356740951538, 1.951171875]","[3.470503091812134, 2.759103775024414, 4.231410026550293]","[1.9026674032211304, 0.9814749360084534, 3.4860634803771973]","[1.195690393447876, 0.42723771929740906, 2.04911208152771]","[2.560941696166992, 1.9992036819458008, 3.6415913105010986]","[1.2906590700149536, 0.8393153548240662, 2.0821354389190674]","[1.5974565744400024, 1.2210289239883423, 2.358400344848633]"
"[9.92342758178711, 5.5152153968811035, 17.788921356201172]","[13.111939430236816, 5.4436163902282715, 27.227201461791992]","[11.478069305419922, 4.612298488616943, 20.763469696044922]","[11.808060646057129, 5.070694923400879, 26.092859268188477]","[15.452191352844238, 11.134109497070312, 20.24577522277832]","[7.399725914001465, 3.897602081298828, 11.250734329223633]","[11.795668601989746, 8.139561653137207, 16.612138748168945]","[2.892002582550049, 1.9417412281036377, 4.533713340759277]","[5.763461112976074, 3.8279531002044678, 8.818877220153809]","[10.00742244720459, 7.625460624694824, 13.615959167480469]","[9.416245460510254, 7.90850830078125, 12.535048484802246]","[11.506424903869629, 7.1498026847839355, 16.922677993774414]","[7.378211975097656, 4.571680545806885, 8.844514846801758]","[6.942994117736816, 3.7008049488067627, 11.836271286010742]","[8.202753067016602, 5.030189037322998, 20.535295486450195]","[8.420194625854492, 6.131170749664307, 11.328734397888184]","[4.327682971954346, 1.4771980047225952, 7.585169315338135]","[7.357955455780029, 2.521935224533081, 19.329120635986328]","[12.338883399963379, 6.123550891876221, 22.30267906188965]","[9.989169120788574, 8.308514595031738, 15.461889266967773]","[12.525664329528809, 9.099028587341309, 21.296783447265625]","[5.202554702758789, 2.3117337226867676, 9.095458030700684]","[7.040872097015381, 4.281480312347412, 10.493902206420898]","[16.77739143371582, 10.190374374389648, 25.751951217651367]","[16.164710998535156, 8.7885103225708, 24.98795509338379]"
"[2.8705880641937256, 1.163084626197815, 9.320512771606445]","[1.810508131980896, 0.7648395895957947, 4.107098579406738]","[2.762482166290283, 1.3492300510406494, 3.948486566543579]","[2.9481420516967773, 1.7107410430908203, 8.35327434539795]","[4.1151814460754395, 3.736975908279419, 4.567015647888184]","[6.942329406738281, 4.232302665710449, 11.574471473693848]","[3.8749094009399414, 1.85420823097229, 5.53143310546875]","[3.2799434661865234, 1.06697678565979, 5.953159332275391]","[4.092691421508789, 1.9216066598892212, 5.304133415222168]","[3.8731582164764404, 2.854661464691162, 4.793370723724365]","[2.633317232131958, 0.7599686980247498, 4.461590766906738]","[3.252626895904541, 0.9083854556083679, 5.252079963684082]","[5.189781665802002, 3.8939075469970703, 6.473813056945801]","[0.9091920852661133, 0.26565128564834595, 2.112062931060791]","[6.621879577636719, 2.663830041885376, 12.760452270507812]","[1.2799406051635742, 0.35421833395957947, 2.4778006076812744]","[7.425591945648193, 1.6295322179794312, 13.94171142578125]","[2.6743946075439453, 0.7332990765571594, 8.174105644226074]","[5.113826751708984, 1.577301263809204, 8.954050064086914]","[3.380796194076538, 2.3148326873779297, 4.458364963531494]","[2.313530921936035, 1.1054532527923584, 3.1429693698883057]","[1.2182544469833374, 0.4988139271736145, 3.366105794906616]","[3.065948724746704, 1.1720869541168213, 4.842700004577637]","[3.7183806896209717, 2.4302477836608887, 6.706341743469238]","[4.498788356781006, 1.5136018991470337, 10.90321159362793]"
"[0.4881957769393921, 0.03441830724477768, 1.7221966981887817]","[2.75913143157959, 0.05479960888624191, 10.904260635375977]","[1.133420467376709, 0.034333955496549606, 2.433469533920288]","[0.2948024272918701, 0.08331607282161713, 0.845662534236908]","[2.0052263736724854, 1.4013375043869019, 2.504314422607422]","[1.8372162580490112, 1.2154334783554077, 2.7696750164031982]","[1.5346142053604126, 0.7516158819198608, 2.7952258586883545]","[0.6769995093345642, 0.31372886896133423, 2.836604595184326]","[0.9198251962661743, 0.4651864469051361, 2.0203495025634766]","[2.6143107414245605, 1.4363670349121094, 4.688930511474609]","[0.9511082172393799, 0.06478507816791534, 2.9032459259033203]","[1.8684465885162354, 0.25520142912864685, 6.532860279083252]","[0.6796795725822449, 0.21600927412509918, 1.2021907567977905]","[0.2794893980026245, 0.09315628558397293, 1.2507716417312622]","[1.0683238506317139, 0.3780762553215027, 4.525371551513672]","[0.22753016650676727, 0.06388918310403824, 0.5219946503639221]","[1.2470365762710571, 0.5244267582893372, 3.7986862659454346]","[1.0716609954833984, 0.27749091386795044, 4.5357513427734375]","[0.5579434633255005, 0.15419912338256836, 1.3814040422439575]","[1.753470540046692, 0.9375544190406799, 4.217331886291504]","[0.3500283658504486, 0.07413455098867416, 1.4664859771728516]","[1.333631992340088, 0.1596859246492386, 4.062824249267578]","[1.0163328647613525, 0.2846830487251282, 2.5308034420013428]","[1.0388087034225464, 0.08025384694337845, 4.614797115325928]","[1.0029808282852173, 0.41874977946281433, 2.397050380706787]"
"[2.180752754211426, 0.03277911990880966, 6.947505950927734]","[0.22269697487354279, 0.03997607156634331, 1.4053772687911987]","[2.457329034805298, 0.35916566848754883, 6.9010748863220215]","[1.337896704673767, 0.17509858310222626, 2.731628894805908]","[8.859786987304688, 5.9210968017578125, 10.868894577026367]","[1.397074818611145, 0.4536871910095215, 3.3420944213867188]","[5.624040603637695, 1.9888880252838135, 9.533612251281738]","[0.5606195330619812, 0.07178781181573868, 1.3062388896942139]","[0.37758496403694153, 0.06421846151351929, 1.0878421068191528]","[4.277463436126709, 0.7600197196006775, 9.579806327819824]","[1.7590689659118652, 0.919253945350647, 5.8795318603515625]","[4.992526054382324, 1.4623546600341797, 12.934245109558105]","[0.11215641349554062, 0.014820476062595844, 0.5841580629348755]","[2.218864679336548, 0.05063796415925026, 9.047712326049805]","[0.17052173614501953, 0.01613210327923298, 0.7783464193344116]","[1.2683749198913574, 0.2017006129026413, 2.7645490169525146]","[0.9773452281951904, 0.34444722533226013, 1.6402095556259155]","[1.2654587030410767, 0.04204292967915535, 5.541245460510254]","[0.0974477231502533, 0.03264613077044487, 0.35519489645957947]","[3.0459651947021484, 1.3569977283477783, 5.229239463806152]","[0.41746172308921814, 0.10677957534790039, 1.1695353984832764]","[0.9502211213111877, 0.03875705972313881, 5.048105716705322]","[2.6272943019866943, 0.21137870848178864, 12.649615287780762]","[0.36410486698150635, 0.068134605884552, 1.0341821908950806]","[0.11498871445655823, 0.02649834379553795, 0.2971523106098175]"
"[15.206149101257324, 1.4150943756103516, 30.642391204833984]","[20.634239196777344, 6.2797675132751465, 53.8237190246582]","[17.002410888671875, 8.192619323730469, 29.20588493347168]","[7.143860340118408, 1.0282361507415771, 17.79775047302246]","[17.303913116455078, 14.101387023925781, 20.537174224853516]","[3.7631804943084717, 1.5361459255218506, 9.817538261413574]","[11.688660621643066, 4.96973180770874, 23.123422622680664]","[3.122894763946533, 0.7982913255691528, 9.523232460021973]","[1.8819442987442017, 0.913239598274231, 3.6323113441467285]","[10.542044639587402, 4.051816463470459, 21.332738876342773]","[8.04395866394043, 4.771031379699707, 12.0442533493042]","[8.048850059509277, 5.277084827423096, 13.971972465515137]","[13.736957550048828, 4.7160115242004395, 19.157846450805664]","[4.806788921356201, 2.147772789001465, 6.674327850341797]","[20.24350929260254, 11.289738655090332, 29.293621063232422]","[8.23882007598877, 5.604081630706787, 15.042366981506348]","[2.2345714569091797, 1.504140019416809, 3.3462002277374268]","[12.335128784179688, 2.4932942390441895, 28.355817794799805]","[25.046022415161133, 16.533702850341797, 40.38090133666992]","[8.43581771850586, 5.066612720489502, 13.85244083404541]","[14.741363525390625, 4.92412805557251, 22.215024948120117]","[4.712162971496582, 3.0564000606536865, 9.798077583312988]","[4.537109851837158, 2.209960699081421, 7.967331409454346]","[30.95050048828125, 12.124773025512695, 46.388587951660156]","[29.355440139770508, 18.85025978088379, 37.54366683959961]"
"[10.860179901123047, 5.763852596282959, 21.628713607788086]","[12.379390716552734, 2.2527384757995605, 24.31431007385254]","[12.92873764038086, 8.329928398132324, 17.417741775512695]","[10.956769943237305, 4.707022666931152, 19.460430145263672]","[14.241809844970703, 12.800873756408691, 16.000566482543945]","[9.250633239746094, 7.771608829498291, 11.232905387878418]","[11.780807495117188, 8.172146797180176, 19.78062629699707]","[8.579626083374023, 5.11680269241333, 13.20423698425293]","[1.7495428323745728, 1.0979143381118774, 2.677788257598877]","[10.587666511535645, 8.342227935791016, 15.336710929870605]","[11.856122016906738, 9.532943725585938, 17.52440071105957]","[15.651900291442871, 9.802437782287598, 24.649812698364258]","[3.017717123031616, 1.431657075881958, 5.3641486167907715]","[11.81369400024414, 6.43195104598999, 19.741214752197266]","[7.654895305633545, 3.648158550262451, 21.594345092773438]","[13.34111213684082, 8.580284118652344, 19.96414566040039]","[9.448833465576172, 6.885998249053955, 12.385702133178711]","[11.61415958404541, 5.80708646774292, 21.300369262695312]","[6.852238655090332, 3.1496832370758057, 10.816649436950684]","[14.725398063659668, 9.502050399780273, 24.743776321411133]","[12.913189888000488, 6.296470642089844, 20.13648796081543]","[8.788324356079102, 5.450232028961182, 16.470808029174805]","[12.535639762878418, 7.909472942352295, 23.32404899597168]","[6.468747138977051, 2.3168814182281494, 10.496810913085938]","[9.185327529907227, 4.381041526794434, 15.882073402404785]"
"[18.377628326416016, 6.1575703620910645, 28.431926727294922]","[25.84080696105957, 14.863733291625977, 38.01470184326172]","[26.184654235839844, 22.36037826538086, 30.771902084350586]","[14.75993537902832, 9.493171691894531, 32.0683708190918]","[24.30876922607422, 23.359365463256836, 25.879379272460938]","[23.9295597076416, 19.660236358642578, 27.1607608795166]","[26.65437126159668, 24.267059326171875, 31.174440383911133]","[16.433191299438477, 8.555322647094727, 24.78158187866211]","[13.541385650634766, 11.868402481079102, 16.809141159057617]","[28.848848342895508, 21.469783782958984, 34.8237419128418]","[27.35682487487793, 23.8372745513916, 29.493450164794922]","[25.229703903198242, 21.653520584106445, 29.423141479492188]","[18.13106918334961, 14.626299858093262, 23.851858139038086]","[21.85361671447754, 15.926775932312012, 31.56886100769043]","[12.58019733428955, 10.27188777923584, 15.24035930633545]","[20.973106384277344, 17.124223709106445, 26.421709060668945]","[24.547107696533203, 21.215696334838867, 27.300947189331055]","[19.989072799682617, 8.881218910217285, 28.09832763671875]","[20.271766662597656, 13.209668159484863, 29.558759689331055]","[27.169349670410156, 22.9224910736084, 32.00167465209961]","[26.389314651489258, 16.871706008911133, 36.933467864990234]","[19.636598587036133, 12.394956588745117, 28.216243743896484]","[25.563697814941406, 19.19637680053711, 33.4373779296875]","[38.89121627807617, 24.40281867980957, 47.27161407470703]","[19.854761123657227, 13.934967041015625, 27.053579330444336]"
"[4.104491233825684, 2.0856802463531494, 5.745543003082275]","[2.05820631980896, 0.6534647345542908, 5.3826751708984375]","[4.709112167358398, 2.0064857006073, 8.281131744384766]","[2.9840896129608154, 0.6639232635498047, 4.893768787384033]","[5.460806846618652, 2.4145524501800537, 7.623214244842529]","[3.4387848377227783, 2.2109732627868652, 5.601729393005371]","[4.556042194366455, 2.5581419467926025, 6.589173316955566]","[1.7302663326263428, 1.081998586654663, 3.486743688583374]","[13.944647789001465, 9.090951919555664, 18.522369384765625]","[5.39552640914917, 2.324450731277466, 8.551240921020508]","[5.757742404937744, 3.9374160766601562, 7.7270307540893555]","[5.259842872619629, 3.099735736846924, 7.089882850646973]","[10.749526977539062, 5.525940418243408, 15.671287536621094]","[3.4295709133148193, 1.10834538936615, 7.968160152435303]","[2.66874098777771, 1.4949406385421753, 4.746213436126709]","[4.890077590942383, 2.6848864555358887, 6.330228328704834]","[3.0483298301696777, 1.1947181224822998, 4.670201778411865]","[2.8570339679718018, 0.8809725046157837, 5.499244689941406]","[5.273205280303955, 2.089928150177002, 15.74484920501709]","[6.710972309112549, 4.910645484924316, 8.768170356750488]","[1.9653974771499634, 0.5469290018081665, 5.730307579040527]","[2.2974371910095215, 1.1698485612869263, 4.111481666564941]","[4.216733932495117, 1.1433322429656982, 8.748647689819336]","[2.200916051864624, 0.8398639559745789, 4.986964702606201]","[2.448058605194092, 1.7287498712539673, 3.597785472869873]"
"[1.9433770179748535, 0.36121055483818054, 8.36733341217041]","[9.87635326385498, 2.4273266792297363, 25.9266357421875]","[6.764669895172119, 1.6462805271148682, 17.940412521362305]","[2.656416416168213, 0.48659366369247437, 8.39405632019043]","[17.245624542236328, 14.640707969665527, 19.324796676635742]","[8.928092002868652, 4.014159202575684, 15.856795310974121]","[17.642532348632812, 12.925558090209961, 23.11558723449707]","[3.625086784362793, 1.1992267370224, 12.494742393493652]","[1.8248186111450195, 1.3648239374160767, 2.23952317237854]","[11.824688911437988, 7.658164024353027, 17.16604995727539]","[16.718978881835938, 11.886930465698242, 23.727588653564453]","[17.886394500732422, 9.679635047912598, 30.47348403930664]","[5.008164405822754, 0.7530189156532288, 12.450401306152344]","[14.416481971740723, 5.3464789390563965, 22.1628360748291]","[9.75851058959961, 4.563561916351318, 19.01368522644043]","[6.650873184204102, 3.6965763568878174, 11.022543907165527]","[5.788047790527344, 1.5169379711151123, 17.10089874267578]","[4.088891983032227, 0.8918012976646423, 20.324264526367188]","[4.271506309509277, 1.5318347215652466, 14.42683219909668]","[16.101537704467773, 10.423944473266602, 21.138307571411133]","[4.052792072296143, 1.9602102041244507, 10.304479598999023]","[13.440662384033203, 7.3135552406311035, 26.897506713867188]","[12.942612648010254, 7.0490264892578125, 20.365488052368164]","[4.152442455291748, 2.163090229034424, 7.633918285369873]","[7.556136608123779, 2.614464521408081, 16.843631744384766]"
"[16.452526092529297, 7.1074042320251465, 31.820858001708984]","[15.984658241271973, 7.501737117767334, 25.288705825805664]","[24.026636123657227, 8.164198875427246, 33.983604431152344]","[14.989801406860352, 9.810745239257812, 21.271520614624023]","[20.592754364013672, 18.04990005493164, 22.33945083618164]","[14.398847579956055, 11.307194709777832, 18.33408546447754]","[19.51154899597168, 14.70063591003418, 21.821535110473633]","[18.116525650024414, 12.97889232635498, 27.16241455078125]","[10.96503734588623, 8.852665901184082, 13.510942459106445]","[18.685562133789062, 15.319628715515137, 21.207199096679688]","[20.33477210998535, 15.481285095214844, 27.10911750793457]","[22.069257736206055, 15.169611930847168, 31.43206787109375]","[12.432326316833496, 8.486878395080566, 17.062116622924805]","[16.22719955444336, 10.925309181213379, 29.390989303588867]","[15.206507682800293, 10.54428768157959, 20.369140625]","[16.747129440307617, 7.938694477081299, 22.187410354614258]","[19.888526916503906, 10.140974998474121, 27.49802017211914]","[26.822444915771484, 12.173233032226562, 44.84196853637695]","[11.34133529663086, 5.548398017883301, 18.304018020629883]","[22.94621467590332, 19.561853408813477, 28.573734283447266]","[13.664167404174805, 8.087389945983887, 17.5931453704834]","[13.762401580810547, 10.312037467956543, 18.004165649414062]","[24.61499786376953, 19.167034149169922, 34.69309616088867]","[11.063939094543457, 4.564634799957275, 17.25702476501465]","[16.576784133911133, 6.403637886047363, 26.259016036987305]"
"[15.883312225341797, 7.759807109832764, 31.972660064697266]","[26.20625114440918, 14.778252601623535, 38.31415557861328]","[30.01408576965332, 22.16152572631836, 41.317466735839844]","[16.473573684692383, 8.222970008850098, 23.976213455200195]","[32.40789794921875, 29.146120071411133, 38.322025299072266]","[31.638452529907227, 26.847930908203125, 37.709983825683594]","[37.119937896728516, 34.12326431274414, 42.74081039428711]","[13.223066329956055, 9.053595542907715, 16.521337509155273]","[28.423843383789062, 26.000341415405273, 33.194793701171875]","[31.202085494995117, 24.027481079101562, 45.88313674926758]","[31.602291107177734, 25.785078048706055, 38.17205047607422]","[40.449405670166016, 30.829864501953125, 50.16558074951172]","[30.913311004638672, 26.239604949951172, 37.7805061340332]","[31.199037551879883, 25.432445526123047, 43.25752639770508]","[29.9716854095459, 24.254716873168945, 36.17844772338867]","[35.12237548828125, 28.817760467529297, 43.70046615600586]","[24.337982177734375, 13.866401672363281, 39.20022201538086]","[19.6806697845459, 11.297873497009277, 33.510902404785156]","[29.639972686767578, 25.872957229614258, 33.19646453857422]","[31.9417667388916, 26.137821197509766, 39.63028335571289]","[29.371328353881836, 24.22258949279785, 38.55487823486328]","[32.03193283081055, 25.45257568359375, 42.05965042114258]","[28.29062271118164, 13.781949996948242, 42.100791931152344]","[23.326574325561523, 16.017541885375977, 31.91855239868164]","[25.93465232849121, 20.45196533203125, 32.746768951416016]"
"[15.277947425842285, 8.96439266204834, 21.34102439880371]","[15.875227928161621, 7.44130277633667, 21.86785888671875]","[12.450682640075684, 9.789742469787598, 18.60494613647461]","[13.91894245147705, 11.62885856628418, 19.224077224731445]","[21.64697265625, 17.102052688598633, 24.695220947265625]","[19.536008834838867, 14.469740867614746, 23.219730377197266]","[20.71940040588379, 17.700271606445312, 24.778718948364258]","[8.908895492553711, 5.826143741607666, 13.894547462463379]","[29.075950622558594, 25.308595657348633, 34.75621795654297]","[24.82767677307129, 15.125411987304688, 33.278404235839844]","[11.956003189086914, 9.585762023925781, 15.60407829284668]","[16.127029418945312, 11.781770706176758, 21.49192237854004]","[23.459978103637695, 20.28639793395996, 30.1328182220459]","[14.169149398803711, 9.10241985321045, 22.979639053344727]","[16.967735290527344, 12.941571235656738, 23.894641876220703]","[8.797045707702637, 6.482140064239502, 14.475333213806152]","[11.39859676361084, 6.935563087463379, 16.881580352783203]","[13.156067848205566, 7.698153972625732, 18.52292251586914]","[18.79996681213379, 14.476483345031738, 22.83381462097168]","[11.342013359069824, 8.993295669555664, 13.219941139221191]","[12.666878700256348, 6.827465057373047, 18.687097549438477]","[22.296430587768555, 15.87714958190918, 35.62576675415039]","[11.402588844299316, 6.0322418212890625, 23.623258590698242]","[21.617094039916992, 17.549772262573242, 29.82840919494629]","[15.990012168884277, 13.109819412231445, 18.67319107055664]"
"[6.107313632965088, 3.0372490882873535, 11.651629447937012]","[10.249223709106445, 6.974746227264404, 14.856083869934082]","[4.309372425079346, 2.009032964706421, 7.208121299743652]","[7.751540660858154, 5.399028778076172, 10.196492195129395]","[12.658044815063477, 8.55565071105957, 15.621332168579102]","[7.534726619720459, 2.821500539779663, 11.764093399047852]","[12.462462425231934, 7.872528553009033, 17.168581008911133]","[2.2976596355438232, 1.2480356693267822, 3.356504201889038]","[10.835105895996094, 9.401745796203613, 12.77772331237793]","[6.431647300720215, 5.3011088371276855, 7.573479175567627]","[5.779075622558594, 4.164001941680908, 8.214211463928223]","[8.875432014465332, 6.0287580490112305, 15.098896980285645]","[11.240761756896973, 9.137109756469727, 13.9202299118042]","[10.466937065124512, 5.886064052581787, 15.884682655334473]","[10.52700424194336, 5.645452976226807, 13.787565231323242]","[5.843235969543457, 3.4407591819763184, 7.988670825958252]","[3.638260841369629, 1.5518287420272827, 6.566187381744385]","[4.105173110961914, 1.657076120376587, 18.697601318359375]","[9.453232765197754, 7.590169429779053, 11.670605659484863]","[5.8707146644592285, 3.5738556385040283, 8.002347946166992]","[6.2816162109375, 4.52462911605835, 10.489176750183105]","[12.858715057373047, 9.719778060913086, 17.61760902404785]","[3.6553220748901367, 1.1599069833755493, 8.30338191986084]","[8.986827850341797, 6.4950127601623535, 14.474715232849121]","[9.823227882385254, 8.06697940826416, 14.019402503967285]"
"[28.177711486816406, 19.57594871520996, 41.84463119506836]","[19.176042556762695, 12.143227577209473, 28.371641159057617]","[23.548118591308594, 13.819985389709473, 31.68740463256836]","[20.808605194091797, 15.58276653289795, 26.919069290161133]","[18.475210189819336, 15.59287166595459, 19.61180305480957]","[15.901861190795898, 13.38524055480957, 20.0001220703125]","[14.521456718444824, 10.497663497924805, 16.89999771118164]","[21.002826690673828, 15.347661018371582, 36.80228805541992]","[12.06307315826416, 11.276102066040039, 13.847604751586914]","[17.565650939941406, 13.882756233215332, 22.045949935913086]","[19.530548095703125, 11.203034400939941, 27.598201751708984]","[13.161233901977539, 10.674765586853027, 16.28677749633789]","[16.851152420043945, 12.313435554504395, 21.88260269165039]","[19.272329330444336, 13.904525756835938, 33.32345199584961]","[17.12145233154297, 14.843742370605469, 21.817249298095703]","[25.272628784179688, 18.248563766479492, 49.739994049072266]","[17.544281005859375, 13.036476135253906, 24.68145179748535]","[25.36775016784668, 13.318793296813965, 41.7652587890625]","[20.521886825561523, 14.796004295349121, 26.701589584350586]","[16.565210342407227, 11.48474407196045, 24.047208786010742]","[22.556241989135742, 18.043581008911133, 36.64765167236328]","[16.236740112304688, 9.110833168029785, 24.77431869506836]","[13.846017837524414, 11.403937339782715, 18.490629196166992]","[17.024410247802734, 12.68988037109375, 21.64691162109375]","[21.02121353149414, 13.511634826660156, 28.46926498413086]"
"[9.087580680847168, 2.8812851905822754, 19.239299774169922]","[5.2624006271362305, 2.4607815742492676, 13.230032920837402]","[15.05208969116211, 10.30170726776123, 21.106184005737305]","[7.969027519226074, 5.225148677825928, 18.021183013916016]","[18.2865047454834, 12.585038185119629, 24.758787155151367]","[13.751151084899902, 6.835275173187256, 21.876733779907227]","[16.56638526916504, 12.681076049804688, 21.075345993041992]","[8.481095314025879, 4.146420955657959, 15.247146606445312]","[19.791112899780273, 15.682158470153809, 28.145832061767578]","[19.687955856323242, 12.270357131958008, 29.719009399414062]","[15.680798530578613, 12.94086742401123, 19.041988372802734]","[22.70070457458496, 19.557559967041016, 25.099700927734375]","[16.553226470947266, 12.123364448547363, 20.197256088256836]","[16.713422775268555, 5.907561302185059, 32.395835876464844]","[8.469169616699219, 3.8010571002960205, 15.986700057983398]","[10.724647521972656, 4.5383992195129395, 15.953622817993164]","[9.194266319274902, 7.017382621765137, 13.305037498474121]","[11.67136287689209, 5.911478519439697, 22.5045223236084]","[14.372528076171875, 9.868021011352539, 18.628637313842773]","[16.784923553466797, 14.161680221557617, 20.070539474487305]","[6.145583152770996, 3.5605597496032715, 8.72485637664795]","[9.828350067138672, 4.025289058685303, 17.15972328186035]","[17.878231048583984, 7.385318279266357, 29.395017623901367]","[10.488999366760254, 4.986332416534424, 17.396236419677734]","[10.941852569580078, 5.163057804107666, 19.76692771911621]"
"[1.3572958707809448, 0.2549270987510681, 3.786482095718384]","[0.5603907108306885, 0.02210092544555664, 2.522869110107422]","[3.9288156032562256, 0.3072946071624756, 13.436293601989746]","[0.658517062664032, 0.08738558739423752, 1.6832703351974487]","[5.501276969909668, 4.655247688293457, 6.652693271636963]","[11.945578575134277, 8.996953010559082, 14.488962173461914]","[3.63555908203125, 1.3386043310165405, 6.058384418487549]","[9.376523971557617, 7.110554218292236, 11.832975387573242]","[0.16101282835006714, 0.08253240585327148, 0.2774963080883026]","[9.062234878540039, 5.646462440490723, 13.409601211547852]","[2.8773834705352783, 1.3148105144500732, 8.136518478393555]","[5.978747844696045, 1.745530366897583, 12.142915725708008]","[0.1993265300989151, 0.0398639515042305, 0.455303817987442]","[0.9011915922164917, 0.13328926265239716, 3.725677013397217]","[0.24390213191509247, 0.010102934204041958, 0.573656439781189]","[1.4056999683380127, 0.5286914110183716, 2.38476300239563]","[12.97168254852295, 9.355961799621582, 16.1478328704834]","[5.602433204650879, 1.0704967975616455, 17.8978271484375]","[1.4562315940856934, 0.3123288154602051, 3.3485350608825684]","[5.223410129547119, 1.9376474618911743, 10.866006851196289]","[0.6497794389724731, 0.07051580399274826, 1.4201363325119019]","[0.7858976125717163, 0.12213073670864105, 1.3552922010421753]","[12.463081359863281, 8.998067855834961, 18.568950653076172]","[0.849086582660675, 0.12394318729639053, 2.2622063159942627]","[0.9573089480400085, 0.13937751948833466, 2.3618576526641846]"
"[10.614826202392578, 7.3795061111450195, 15.449735641479492]","[3.142029285430908, 1.772866129875183, 4.466465473175049]","[7.305781841278076, 5.698310852050781, 9.44189453125]","[7.6427412033081055, 4.36301326751709, 9.843515396118164]","[8.025754928588867, 6.8365559577941895, 9.149544715881348]","[8.518819808959961, 6.792179584503174, 10.22590446472168]","[5.302140712738037, 2.710771322250366, 8.352180480957031]","[11.391193389892578, 5.0584282875061035, 21.267919540405273]","[0.8031933903694153, 0.24285586178302765, 1.65900456905365]","[9.765067100524902, 7.716454982757568, 14.520689010620117]","[4.056028842926025, 1.745306134223938, 6.663012504577637]","[4.3169965744018555, 1.524652123451233, 7.71524715423584]","[2.039736270904541, 0.7152353525161743, 4.040271282196045]","[1.2179771661758423, 0.41117045283317566, 3.015685796737671]","[1.1903613805770874, 0.4545271694660187, 2.0707523822784424]","[3.4245123863220215, 1.774728536605835, 6.381507396697998]","[7.196060657501221, 5.996392250061035, 8.88411808013916]","[9.36887264251709, 5.557988166809082, 14.537957191467285]","[0.8808912038803101, 0.3288722038269043, 1.6898536682128906]","[6.150880336761475, 4.453453540802002, 8.022682189941406]","[4.56409215927124, 2.7969319820404053, 7.255661964416504]","[1.8338361978530884, 0.8943332433700562, 3.3769166469573975]","[7.876788139343262, 5.543852806091309, 12.231022834777832]","[3.36517333984375, 1.1114529371261597, 5.779618740081787]","[1.6972278356552124, 0.492676317691803, 2.8278815746307373]"
"[2.318922758102417, 0.39410895109176636, 5.439684867858887]","[0.6788226962089539, 0.0, 3.1684212684631348]","[1.601662039756775, 0.38443389534950256, 3.0432586669921875]","[2.757352590560913, 1.5052818059921265, 3.7987048625946045]","[1.2203937768936157, 0.588039219379425, 2.5410773754119873]","[2.6020991802215576, 1.8702877759933472, 4.122589588165283]","[0.214079812169075, 0.0, 0.7128968834877014]","[4.733184814453125, 0.09997886419296265, 11.08552074432373]","[0.5700559020042419, 0.3068833649158478, 0.9186084866523743]","[2.9195330142974854, 1.4127594232559204, 4.694180011749268]","[1.3291637897491455, 0.07496931403875351, 3.0332114696502686]","[0.9523530006408691, 0.004212967120110989, 3.898607015609741]","[0.8559121489524841, 0.5478734374046326, 1.5873287916183472]","[0.1655602753162384, 0.0, 0.8480060696601868]","[0.28845182061195374, 0.04509115219116211, 0.8127397894859314]","[2.0270345211029053, 0.8987487554550171, 3.305572271347046]","[4.829822063446045, 2.564811944961548, 6.9715118408203125]","[2.185391902923584, 0.24003641307353973, 9.777069091796875]","[0.6702726483345032, 0.3309694230556488, 1.1862765550613403]","[0.751255214214325, 0.26931145787239075, 1.439864158630371]","[2.1114630699157715, 0.7026638984680176, 4.078275203704834]","[0.16547667980194092, 0.0, 0.6505585312843323]","[3.6545004844665527, 0.9682427644729614, 7.872591495513916]","[2.884246826171875, 0.47648000717163086, 7.3850321769714355]","[0.4062900245189667, 0.004887540824711323, 1.0448994636535645]"
"[0.0938599482178688, 0.001099918968975544, 0.840542733669281]","[0.3977551758289337, 0.01376303005963564, 1.2479263544082642]","[0.2672502398490906, 0.009500684216618538, 1.0338612794876099]","[0.1404697597026825, 0.0006330288015305996, 0.6387839317321777]","[0.8753756284713745, 0.5796746015548706, 1.2116568088531494]","[0.20780430734157562, 0.011949734762310982, 0.8055352568626404]","[0.5074486136436462, 0.1099003404378891, 0.9812864065170288]","[0.005922883283346891, 0.0, 0.03630146011710167]","[1.6849474906921387, 0.5267441868782043, 3.7473061084747314]","[0.47370609641075134, 0.0, 1.3862956762313843]","[0.9759355783462524, 0.27785205841064453, 1.9393795728683472]","[1.516348958015442, 0.9687372446060181, 2.5906810760498047]","[0.35718920826911926, 0.05816769227385521, 0.8795199990272522]","[0.6263371706008911, 0.0077071175910532475, 3.546058416366577]","[0.842353343963623, 0.09841692447662354, 2.8960540294647217]","[0.6567773222923279, 0.22713689506053925, 1.1663475036621094]","[0.07266047596931458, 0.0007080132490955293, 0.1645136922597885]","[0.04952246695756912, 0.00105167122092098, 0.2518957257270813]","[0.15387949347496033, 0.007805995177477598, 0.4203503131866455]","[0.6249606609344482, 0.31537455320358276, 1.3220312595367432]","[0.37854692339897156, 0.014403149485588074, 1.895473599433899]","[0.14762161672115326, 0.0, 0.7495918869972229]","[0.2104112058877945, 0.0, 1.3361297845840454]","[1.2529840469360352, 0.3670400083065033, 2.402923583984375]","[0.3943008780479431, 0.0003021120501216501, 1.074644923210144]"
"[0.5001115202903748, 0.0, 2.610285997390747]","[0.7203617095947266, 0.0, 3.5012288093566895]","[0.36352765560150146, 0.0, 1.8989189863204956]","[0.27614766359329224, 0.0015621352940797806, 2.5825114250183105]","[3.9990649223327637, 0.012849129736423492, 7.3319411277771]","[2.943519353866577, 0.6531832218170166, 5.876646041870117]","[6.609550952911377, 0.0, 19.60332489013672]","[0.5612292885780334, 0.0009611697169020772, 5.258393287658691]","[14.398979187011719, 10.195269584655762, 18.854467391967773]","[0.48137134313583374, 0.0, 3.0556564331054688]","[0.7306574583053589, 0.009999999776482582, 2.129920482635498]","[3.118790864944458, 0.41152581572532654, 9.01385498046875]","[7.330626964569092, 0.35291430354118347, 20.195608139038086]","[0.6099737882614136, 0.0, 6.982840538024902]","[0.6590707898139954, 0.0, 3.146249771118164]","[0.5127224922180176, 0.0, 2.245980739593506]","[1.0957056283950806, 0.11226124316453934, 2.736135244369507]","[0.33861449360847473, 0.0, 6.5984344482421875]","[7.360757827758789, 0.022661719471216202, 24.7611026763916]","[1.0392946004867554, 0.0, 2.4307518005371094]","[1.0998960733413696, 0.0, 5.0887675285339355]","[0.07961879670619965, 0.0, 0.6204189658164978]","[0.7686606049537659, 0.0, 3.8123838901519775]","[3.8686609268188477, 0.15468426048755646, 10.173789024353027]","[1.0749143362045288, 0.0, 4.706446647644043]"
